#include "common.h"

u16 D_801140A8[6] = {
    0x0200, 0x0201, 0x0202, 0x0203, 0x0204, 0x0205,
};

u16 D_801140B4[6] = {
    0x0206, 0x0207, 0x0208, 0x0209, 0x020A, 0x020B,
};

u16 D_801140C0[6] = {
    0x0041, 0x0042, 0x0043, 0x0044, 0x0045, 0x0046,
};

u16 D_801140CC[6] = {
    0x0011, 0x0012, 0x003C, 0x003D, 0x0021, 0x0022,
};

u16 D_801140D8[6] = {
    0x0013, 0x0014, 0x002B, 0x002B, 0x0015, 0x0016,
};

u16 D_801140E4[6] = {
    0x0023, 0x0024, 0x003B, 0x001D, 0x0025, 0x0026,
};

u16 D_801140F0[6] = {
    0x0031, 0x0032, 0x0033, 0x0034, 0x0035, 0x0036,
};

u16 D_801140FC[6] = {
    0x0041, 0x0042, 0x0043, 0x0044, 0x0045, 0x0046,
};

u16 D_80114108[6] = {
    0x020C, 0x020D, 0x020E, 0x020F, 0x0210, 0x0211,
};

u16 D_80114114[8] = {
    0x003F, 0x01A6, 0x01A6, 0x01A6, 0x01A6, 0x01A6, 0x01A6, 0x006F,
};

u16 D_80114124[8] = {
    0x004F, 0x01A0, 0x01A1, 0x01A2, 0x01A3, 0x01A4, 0x01A5, 0x007F,
};

u16 D_80114134[8] = {
    0x005F, 0x01B0, 0x01B1, 0x01B2, 0x01B3, 0x01B4, 0x01B5, 0x008F,
};

u16 D_80114144[8] = {
    0x01DE, 0x0162, 0x0163, 0x0160, 0x0161, 0x0162, 0x0163, 0x01DF,
};

u16 D_80114154[8] = {
    0x01EE, 0x0172, 0x0171, 0x0170, 0x0171, 0x0172, 0x0173, 0x01EF,
};

u16 D_80114164[8] = {
    0x01FE, 0x0182, 0x0181, 0x0180, 0x0181, 0x0182, 0x0183, 0x01FF,
};

u16 D_80114174[6] = {
    0x0191, 0x0191, 0x0191, 0x0191, 0x0192, 0x0193,
};

u16 D_80114180[6] = {
    0x0191, 0x0191, 0x0191, 0x0191, 0x0191, 0x0191,
};

u16 D_8011418C[4] = {
    0x003F, 0x004F, 0x005F, 0x0000,
};

u16 D_80114194[4] = {
    0x006F, 0x007F, 0x008F, 0x0000,
};

u16 D_8011419C[8] = {
    0x0200, 0x0201, 0x0202, 0x0203, 0x0204, 0x0203, 0x0202, 0x0205,
};

u16 D_801141AC[8] = {
    0x0206, 0x0207, 0x0208, 0x0209, 0x020A, 0x0209, 0x0208, 0x020B,
};

u16 D_801141BC[8] = {
    0x0041, 0x0042, 0x0043, 0x0044, 0x0044, 0x0044, 0x0045, 0x0046,
};

u16 D_801141CC[8] = {
    0x0011, 0x0012, 0x0024, 0x003C, 0x003D, 0x003B, 0x0021, 0x0022,
};

u16 D_801141DC[8] = {
    0x0013, 0x0014, 0x002B, 0x002B, 0x002B, 0x003B, 0x0015, 0x0016,
};

u16 D_801141EC[8] = {
    0x0023, 0x0024, 0x003B, 0x003B, 0x001D, 0x003B, 0x0025, 0x0026,
};

u16 D_801141FC[8] = {
    0x0031, 0x0032, 0x0033, 0x0034, 0x0034, 0x0034, 0x0035, 0x0036,
};

u16 D_8011420C[16] = {
    0x0000, 0x0000, 0x0000, 0x0000, 0x0000, 0x0000, 0x0000, 0x0000,
    0x0000, 0x0000, 0x0000, 0x0000, 0x0000, 0x0000, 0x0000, 0x0000,
};

u16 D_8011422C[16] = {
    0x00FD, 0x0068, 0x0069, 0x00AB, 0x00AC, 0x00AD, 0x006D, 0x006E,
    0x010A, 0x010B, 0x010C, 0x00AB, 0x00AC, 0x00AD, 0x010C, 0x010E,
};

u16 D_8011424C[16] = {
    0x00CC, 0x0078, 0x0079, 0x007A, 0x007B, 0x007C, 0x007D, 0x007E,
    0x011A, 0x011B, 0x011C, 0x011D, 0x0077, 0x0078, 0x0079, 0x011E,
};

u16 D_8011426C[16] = {
    0x00DC, 0x0088, 0x0089, 0x008A, 0x008B, 0x008C, 0x008D, 0x008E,
    0x0118, 0x0119, 0x012C, 0x012D, 0x0087, 0x0088, 0x0089, 0x00DC,
};

u16 D_8011428C[8] = {
    0x010A, 0x010B, 0x010C, 0x00AB, 0x00AC, 0x00AD, 0x010C, 0x010E,
};

u16 D_8011429C[8] = {
    0x00CC, 0x011B, 0x011C, 0x011D, 0x0077, 0x0078, 0x0079, 0x011E,
};

u16 D_801142AC[8] = {
    0x00DC, 0x0119, 0x012C, 0x012D, 0x0087, 0x0088, 0x0089, 0x00DC,
};

u16 D_801142BC[8] = {
    0x0128, 0x0129, 0x012A, 0x012B, 0x0097, 0x0098, 0x0099, 0x009A,
};

u16 D_801142CC[10] = {
    0x0130, 0x0140, 0x0150, 0x0131, 0x0141, 0x0151, 0x0151, 0x0151,
    0x0158, 0x0000,
};

u16 D_801142E0[10] = {
    0x00B9, 0x00C9, 0x00D9, 0x00BB, 0x00CB, 0x00DB, 0x00DB, 0x00DB,
    0x00DB, 0x0000,
};

u16 D_801142F4[4] = {
    0x00AE, 0x00A8, 0x00A9, 0x010F,
};

u16 D_801142FC[8] = {
    0x00B8, 0x00C8, 0x00D8, 0x00BA, 0x00CA, 0x00DA, 0x00DA, 0x00DA,
};

u16 D_8011430C[8] = {
    0x00B9, 0x00C9, 0x00D9, 0x00BB, 0x00CB, 0x00DB, 0x00DB, 0x00DB,
};

u16 D_8011431C[8] = {
    0x011F, 0x012F, 0x012E, 0x011F, 0x012F, 0x012E, 0x011F, 0x012F,
};

u16 D_8011432C[8] = {
    0x0013, 0x0014, 0x002B, 0x002B, 0x002C, 0x002D, 0x0015, 0x0016,
};

u16 D_8011433C[8] = {
    0x0023, 0x0024, 0x003B, 0x003B, 0x003C, 0x003D, 0x0025, 0x0026,
};

u16 D_8011434C[8] = {
    0x0031, 0x0032, 0x0033, 0x0034, 0x0034, 0x0034, 0x0035, 0x0036,
};

u16 D_8011435C[8] = {
    0x020C, 0x020D, 0x020E, 0x020F, 0x0210, 0x020F, 0x0210, 0x0211,
};

u16 D_8011436C[10] = {
    0x0041, 0x0042, 0x0043, 0x0044, 0x0044, 0x0044, 0x0044, 0x0044,
    0x0045, 0x0046,
};

u16 D_80114380[10] = {
    0x0011, 0x0012, 0x0024, 0x003C, 0x003D, 0x0024, 0x001C, 0x001D,
    0x0021, 0x0022,
};

u16 D_80114394[10] = {
    0x0013, 0x0014, 0x002B, 0x002B, 0x002B, 0x002B, 0x002C, 0x002D,
    0x0015, 0x0016,
};

u16 D_801143A8[10] = {
    0x0023, 0x0024, 0x003B, 0x003B, 0x001D, 0x003B, 0x003C, 0x003D,
    0x0025, 0x0026,
};

u16 D_801143BC[10] = {
    0x0031, 0x0032, 0x0033, 0x0034, 0x0034, 0x0034, 0x0034, 0x0034,
    0x0035, 0x0036,
};

u16 D_801143D0[4] = {
    0x009F, 0x00AF, 0x00BF, 0x0000,
};

u16 D_801143D8[4] = {
    0x00CF, 0x00DF, 0x00EF, 0x0000,
};

u16 D_801143E0[34] = {
    0x00ED, 0x00EE, 0x00D4, 0x00A1, 0x00B1, 0x00C1, 0x002E, 0x003E,
    0x004E, 0x00A1, 0x00B1, 0x00C1, 0x002E, 0x003E, 0x004E, 0x00A1,
    0x00B1, 0x00C1, 0x002E, 0x003E, 0x004E, 0x00A1, 0x00B1, 0x00C1,
    0x002E, 0x003E, 0x004E, 0x00A1, 0x00B1, 0x00C1, 0x002E, 0x003E,
    0x004E, 0x0000,
};

u16 D_80114424[34] = {
    0x00ED, 0x00EE, 0x00D4, 0x00D5, 0x00B2, 0x00C2, 0x004D, 0x005D,
    0x005E, 0x00A2, 0x00B2, 0x00C2, 0x004D, 0x005D, 0x005E, 0x00A2,
    0x00B2, 0x00C2, 0x004D, 0x005D, 0x005E, 0x00A2, 0x00B2, 0x00C2,
    0x004D, 0x005D, 0x005E, 0x00A2, 0x00B2, 0x00C2, 0x004D, 0x005D,
    0x005E, 0x0000,
};

u16 D_80114468[34] = {
    0x00ED, 0x00EE, 0x00D4, 0x00D6, 0x00B3, 0x00C3, 0x00A6, 0x00B6,
    0x00C6, 0x00A3, 0x00B3, 0x00C3, 0x00A6, 0x00B6, 0x00C6, 0x00A3,
    0x00B3, 0x00C3, 0x00A6, 0x00B6, 0x00C6, 0x00A3, 0x00B3, 0x00C3,
    0x00A6, 0x00B6, 0x00C6, 0x00A3, 0x00B3, 0x00C3, 0x00A6, 0x00B6,
    0x00C6, 0x0000,
};

u16 D_801144AC[34] = {
    0x00EA, 0x00EB, 0x00EC, 0x00A4, 0x00B4, 0x00C4, 0x00BD, 0x00CD,
    0x00DD, 0x00A4, 0x00B4, 0x00C4, 0x00BD, 0x00CD, 0x00DD, 0x00A4,
    0x00B4, 0x00C4, 0x00BD, 0x00CD, 0x00DD, 0x00A4, 0x00B4, 0x00C4,
    0x00BD, 0x00CD, 0x00DD, 0x00A4, 0x00B4, 0x00C4, 0x00BD, 0x00CD,
    0x00DD, 0x0000,
};

u16 D_801144F0[34] = {
    0x00E7, 0x00E8, 0x00E9, 0x00A5, 0x00B5, 0x00C5, 0x00BE, 0x00CE,
    0x00DE, 0x00A5, 0x00B5, 0x00C5, 0x00BE, 0x00CE, 0x00DE, 0x00A5,
    0x00B5, 0x00C5, 0x00BE, 0x00CE, 0x00DE, 0x00A5, 0x00B5, 0x00C5,
    0x00BE, 0x00CE, 0x00DE, 0x00A5, 0x00B5, 0x00C5, 0x00BE, 0x00CE,
    0x00DE, 0x0000,
};

u16 D_80114534[58] = {
    0x00A1, 0x00B1, 0x00C1, 0x002E, 0x003E, 0x004E, 0x00A1, 0x00B1,
    0x00C1, 0x002E, 0x003E, 0x004E, 0x00A1, 0x00B1, 0x00C1, 0x002E,
    0x003E, 0x004E, 0x00A1, 0x00B1, 0x00C1, 0x002E, 0x003E, 0x004E,
    0x00A1, 0x00B1, 0x00C1, 0x002E, 0x003E, 0x004E, 0x00C1, 0x002E,
    0x003E, 0x004E, 0x00A1, 0x00B1, 0x00C1, 0x002E, 0x003E, 0x004E,
    0x00A1, 0x00B1, 0x00C1, 0x002E, 0x003E, 0x004E, 0x00A1, 0x00B1,
    0x00C1, 0x002E, 0x003E, 0x004E, 0x00A1, 0x00B1, 0x00C1, 0x002E,
    0x003E, 0x004E,
};

u16 D_801145A8[34] = {
    0x00ED, 0x00EE, 0x00D4, 0x0103, 0x0113, 0x0123, 0x0107, 0x0117,
    0x0127, 0x0109, 0x0113, 0x0123, 0x0107, 0x0117, 0x0127, 0x0109,
    0x0113, 0x0123, 0x0107, 0x0117, 0x0127, 0x0109, 0x0113, 0x0123,
    0x0107, 0x0117, 0x0127, 0x0109, 0x0113, 0x0123, 0x0107, 0x0117,
    0x0127, 0x0000,
};

u16 D_801145EC[34] = {
    0x00ED, 0x00EE, 0x00D4, 0x0102, 0x0112, 0x0122, 0x0106, 0x0116,
    0x0126, 0x0108, 0x0112, 0x0122, 0x0106, 0x0116, 0x0126, 0x0108,
    0x0112, 0x0122, 0x0106, 0x0116, 0x0126, 0x0108, 0x0112, 0x0122,
    0x0106, 0x0116, 0x0126, 0x0108, 0x0112, 0x0122, 0x0106, 0x0116,
    0x0126, 0x0000,
};

u16 D_80114630[34] = {
    0x01DD, 0x01ED, 0x01FD, 0x0101, 0x0111, 0x0121, 0x0105, 0x0115,
    0x0125, 0x0101, 0x0111, 0x0121, 0x0105, 0x0115, 0x0125, 0x0101,
    0x0111, 0x0121, 0x0105, 0x0115, 0x0125, 0x0101, 0x0111, 0x0121,
    0x0105, 0x0115, 0x0125, 0x0101, 0x0111, 0x0121, 0x0105, 0x0115,
    0x0125, 0x0000,
};

u16 D_80114674[34] = {
    0x01DC, 0x01EC, 0x01FC, 0x0100, 0x0110, 0x0120, 0x0104, 0x0114,
    0x0124, 0x0100, 0x0110, 0x0120, 0x0104, 0x0114, 0x0124, 0x0100,
    0x0110, 0x0120, 0x0104, 0x0114, 0x0124, 0x0100, 0x0110, 0x0120,
    0x0104, 0x0114, 0x0124, 0x0100, 0x0110, 0x0120, 0x0104, 0x0114,
    0x0124, 0x0000,
};

u16 D_801146B8[10] = {
    0x0164, 0x0165, 0x0166, 0x0167, 0x0168, 0x0169, 0x0165, 0x0166,
    0x0167, 0x0188,
};

u16 D_801146CC[10] = {
    0x0174, 0x0175, 0x0178, 0x0176, 0x0177, 0x0178, 0x0178, 0x0178,
    0x0178, 0x0179,
};

u16 D_801146E0[10] = {
    0x0184, 0x0185, 0x0178, 0x0186, 0x0187, 0x0178, 0x0186, 0x0187,
    0x0178, 0x0189,
};

u16 D_801146F4[10] = {
    0x0194, 0x0195, 0x0196, 0x0197, 0x0198, 0x0195, 0x0196, 0x0197,
    0x0198, 0x0199,
};

u16 D_80114708[10] = {
    0x0057, 0x0058, 0x0059, 0x005A, 0x005B, 0x0058, 0x0059, 0x005A,
    0x005B, 0x005C,
};

u16 D_8011471C[10] = {
    0x0005, 0x0015, 0x000B, 0x001B, 0x0027, 0x0037, 0x0047, 0x0057,
    0x0067, 0x0076,
};

u16 D_80114730[10] = {
    0x0006, 0x0016, 0x000C, 0x001C, 0x0000, 0x0038, 0x0048, 0x0058,
    0x0068, 0x0077,
};

u16 D_80114744[10] = {
    0x0000, 0x0000, 0x0000, 0x0000, 0x0000, 0x0000, 0x0000, 0x0000,
    0x0069, 0x0072,
};

u16 D_80114758[10] = {
    0x0000, 0x0000, 0x0000, 0x0000, 0x0000, 0x0000, 0x0000, 0x0000,
    0x0064, 0x0073,
};

u16 D_8011476C[10] = {
    0x8000, 0x8019, 0x800F, 0x801F, 0x802B, 0x803B, 0x8045, 0x8055,
    0x8065, 0x8074,
};

u16 D_80114780[6] = {
    0x0020, 0x0021, 0x0022, 0x0003, 0x000D, 0x800E,
};

u16 D_8011478C[6] = {
    0x0030, 0x0031, 0x0032, 0x0000, 0x002D, 0x802E,
};

u16 D_80114798[6] = {
    0x0040, 0x0041, 0x0042, 0x0000, 0x0000, 0x802F,
};

u16 D_801147A4[6] = {
    0x0000, 0x0051, 0x0052, 0x0000, 0x0000, 0x0000,
};

u16 D_801147B0[6] = {
    0x0000, 0x0000, 0x0000, 0x0000, 0x0000, 0x8035,
};

u16 D_801147BC[6] = {
    0x0000, 0x0000, 0x0000, 0x0000, 0x0000, 0x8045,
};

u16 D_801147C8[6] = {
    0x0000, 0x0000, 0x0000, 0x0000, 0x0000, 0x8055,
};

u16 D_801147D4[6] = {
    0x0060, 0x0061, 0x0062, 0x0063, 0x0064, 0x8065,
};

u16 D_801147E0[6] = {
    0x006F, 0x0070, 0x0071, 0x0072, 0x0073, 0x8074,
};

u16 D_801147EC[4] = {
    0x019A, 0x0195, 0x01A5, 0x0000,
};

u16 D_801147F4[4] = {
    0x019B, 0x0196, 0x01A6, 0x0000,
};

u16 D_801147FC[4] = {
    0x019B, 0x0197, 0x01A7, 0x0000,
};

u16 D_80114804[4] = {
    0x019B, 0x0198, 0x01A8, 0x0000,
};

u16 D_8011480C[4] = {
    0x019C, 0x0199, 0x01A9, 0x0000,
};

u16 D_80114814[6] = {
    0x019B, 0x0191, 0x01A1, 0x01AA, 0x01AD, 0x0000,
};

u16 D_80114820[6] = {
    0x019B, 0x0192, 0x01A2, 0x01AB, 0x01AE, 0x0000,
};

u16 D_8011482C[6] = {
    0x019C, 0x0194, 0x01A4, 0x01AC, 0x019E, 0x0000,
};

u16 D_80114838[6] = {
    0x019B, 0x0192, 0x01A2, 0x01AB, 0x01AE, 0x01C7,
};

u16 D_80114844[4] = {
    0x0151, 0x0161, 0x0171, 0x0181,
};

u16 D_8011484C[4] = {
    0x0156, 0x0166, 0x0176, 0x0186,
};

u16 D_80114854[4] = {
    0x0157, 0x0167, 0x0177, 0x0187,
};

u16 D_8011485C[4] = {
    0x0152, 0x0162, 0x0172, 0x0182,
};

u16 D_80114864[4] = {
    0x0153, 0x0163, 0x0173, 0x0183,
};

u16 D_8011486C[4] = {
    0x0154, 0x0164, 0x0174, 0x0184,
};

u16 D_80114874[4] = {
    0x0155, 0x0165, 0x0175, 0x0185,
};

u16 D_8011487C[4] = {
    0x0152, 0x0162, 0x0172, 0x01C9,
};

u16 D_80114884[4] = {
    0x0153, 0x0163, 0x0173, 0x01CA,
};

u16 D_8011488C[4] = {
    0x0154, 0x0164, 0x0174, 0x01CB,
};

u16 D_80114894[4] = {
    0x0155, 0x0165, 0x0175, 0x01CC,
};

u16 D_8011489C[4] = {
    0x0158, 0x0168, 0x0178, 0x0188,
};

u16 D_801148A4[4] = {
    0x0159, 0x0169, 0x0179, 0x0189,
};

u16 D_801148AC[4] = {
    0x0158, 0x0168, 0x0178, 0x01CD,
};

u16 D_801148B4[4] = {
    0x0159, 0x0169, 0x0179, 0x01CE,
};

u16 D_801148BC[4] = {
    0x015D, 0x016D, 0x017D, 0x018D,
};

u16 D_801148C4[4] = {
    0x015C, 0x016C, 0x017C, 0x018C,
};

u16 D_801148CC[4] = {
    0x015B, 0x016B, 0x017B, 0x018B,
};

u16 D_801148D4[4] = {
    0x015A, 0x016A, 0x017A, 0x018A,
};

u16 D_801148DC[4] = {
    0x01B9, 0x01B9, 0x01B9, 0x0000,
};

u16 D_801148E4[4] = {
    0x01B9, 0x01B9, 0x01B9, 0x01B9,
};

u16 D_801148EC[6] = {
    0x01B9, 0x01B9, 0x01B9, 0x01B9, 0x01B9, 0x0000,
};

u16 D_801148F8[6] = {
    0x0001, 0x0002, 0x0003, 0x01B9, 0x01B9, 0x0000,
};

u16 D_80114904[4] = {
    0x0004, 0x0005, 0x0006, 0x0000,
};

u16 D_8011490C[4] = {
    0x0007, 0x01B9, 0x01B9, 0x0000,
};

u16 D_80114914[4] = {
    0x0008, 0x01B9, 0x01B9, 0x0000,
};

u16 D_8011491C[4] = {
    0x0009, 0x01B9, 0x01B9, 0x0000,
};

u16 D_80114924[6] = {
    0x01B9, 0x01B9, 0x01B9, 0x01B9, 0x01B9, 0x01C8,
};

u16 D_80114930[6] = {
    0x01BB, 0x01BD, 0x01C1, 0x01C3, 0x01C5, 0x0000,
};

u16 D_8011493C[6] = {
    0x01BC, 0x01BE, 0x01C2, 0x01C4, 0x01C6, 0x0000,
};

u16 D_80114948[6] = {
    0x0000, 0x0000, 0x0000, 0x01B0, 0x01B2, 0x0000,
};

u16 D_80114954[6] = {
    0x000A, 0x0000, 0x0000, 0x01B1, 0x01B3, 0x0000,
};

u16 D_80114960[4] = {
    0xC01E, 0xC036, 0xC037, 0x0000,
};

u16 D_80114968[4] = {
    0xC01E, 0xC036, 0xC037, 0x0000,
};

u16 D_80114970[4] = {
    0xC00E, 0xC00F, 0xC010, 0x0000,
};

u16 D_80114978[4] = {
    0x4011, 0x4012, 0x4013, 0x0000,
};

u16 D_80114980[4] = {
    0xC021, 0xC022, 0xC023, 0x0000,
};

u16 D_80114988[4] = {
    0xC001, 0xC002, 0xC003, 0x0000,
};

u16 D_80114990[4] = {
    0xC01E, 0xC01F, 0xC020, 0x0000,
};

u16 D_80114998[4] = {
    0xC00E, 0xC00F, 0xC010, 0x0000,
};

u16 D_801149A0[4] = {
    0xC00E, 0xC02E, 0xC02F, 0x0000,
};

u16 D_801149A8[4] = {
    0x4014, 0x4015, 0x4016, 0x0000,
};

u16 D_801149B0[4] = {
    0xC024, 0xC025, 0xC026, 0x0000,
};

u16 D_801149B8[4] = {
    0xC004, 0xC005, 0xC006, 0x0000,
};

u16 D_801149C0[4] = {
    0xC027, 0xC028, 0xC029, 0x0000,
};

u16 D_801149C8[4] = {
    0xC017, 0xC018, 0xC019, 0x0000,
};

u16 D_801149D0[4] = {
    0xC027, 0xC028, 0xC029, 0x0000,
};

u16 D_801149D8[4] = {
    0xC01A, 0xC01B, 0xC01C, 0x0000,
};

u16 D_801149E0[4] = {
    0xC02A, 0xC02B, 0xC02C, 0x0000,
};

u16 D_801149E8[4] = {
    0x0000, 0x0000, 0x0000, 0x0000,
};

u16 D_801149F0[4] = {
    0x0000, 0x0000, 0x0000, 0x0000,
};

u16 D_801149F8[4] = {
    0x0000, 0x0000, 0x0000, 0x0000,
};

u16 D_80114A00[4] = {
    0xC017, 0xC018, 0xC019, 0x0000,
};

u16 D_80114A08[4] = {
    0xC01E, 0xC036, 0xC037, 0x0000,
};

u16 D_80114A10[4] = {
    0xC017, 0xC018, 0xC019, 0x0000,
};

u16 D_80114A18[4] = {
    0xC01E, 0xC036, 0xC037, 0x0000,
};

u16 D_80114A20[4] = {
    0xC017, 0xC018, 0xC019, 0x0000,
};

u16 D_80114A28[4] = {
    0xC01E, 0xC01F, 0xC020, 0x0000,
};

u16 D_80114A30[4] = {
    0xC017, 0xC018, 0xC019, 0x0000,
};

u16 D_80114A38[4] = {
    0xC027, 0xC028, 0xC029, 0x0000,
};

u16 D_80114A40[4] = {
    0xC017, 0xC018, 0xC019, 0x0000,
};

u16 D_80114A48[4] = {
    0xC038, 0xC039, 0xC03A, 0x0000,
};

u16 D_80114A50[4] = {
    0xC01A, 0xC01B, 0xC01C, 0x0000,
};

u16 D_80114A58[4] = {
    0xC00E, 0xC00F, 0xC010, 0x0000,
};

u16 D_80114A60[4] = {
    0xC01A, 0xC01B, 0xC01C, 0x0000,
};

u16 D_80114A68[4] = {
    0xC01A, 0xC01B, 0xC01C, 0x0000,
};

u16 D_80114A70[4] = {
    0xC00E, 0xC02E, 0xC02F, 0x0000,
};

u16 D_80114A78[4] = {
    0xC01A, 0xC01B, 0xC01C, 0x0000,
};

u16 D_80114A80[4] = {
    0xC02A, 0xC02B, 0xC02C, 0x0000,
};

u16 D_80114A88[4] = {
    0xC01A, 0xC01B, 0xC01C, 0x0000,
};

u16 D_80114A90[4] = {
    0xC03B, 0xC03C, 0xC03D, 0x0000,
};

u16 D_80114A98[4] = {
    0x4030, 0x4031, 0x4032, 0x0000,
};

u16 D_80114AA0[4] = {
    0xC021, 0xC033, 0xC034, 0x0000,
};

u16 D_80114AA8[4] = {
    0x4011, 0x4012, 0x4013, 0x0000,
};

u16 D_80114AB0[4] = {
    0xC021, 0xC022, 0xC023, 0x0000,
};

u16 D_80114AB8[4] = {
    0x4014, 0x4015, 0x4016, 0x0000,
};

u16 D_80114AC0[4] = {
    0xC024, 0xC025, 0xC026, 0x0000,
};

u16 D_80114AC8[4] = {
    0x0000, 0x0000, 0x0000, 0x0000,
};

u16 D_80114AD0[4] = {
    0x0000, 0x0000, 0x0000, 0x0000,
};

u16 D_80114AD8[4] = {
    0x0000, 0x0000, 0x0000, 0x0000,
};

u16 D_80114AE0[4] = {
    0xC035, 0xC035, 0xC035, 0x0000,
};

u16 D_80114AE8[4] = {
    0xC007, 0xC008, 0xC009, 0x0000,
};

u16 D_80114AF0[4] = {
    0xC00A, 0xC00B, 0xC00C, 0x0000,
};

u16 D_80114AF8[4] = {
    0x0000, 0x0000, 0x0000, 0x0000,
};

u16 D_80114B00[8] = {
    0x0030, 0x0033, 0x0035, 0x0037, 0x0039, 0x003B, 0x003D, 0x0000,
};

u16 D_80114B10[8] = {
    0x0031, 0x01B9, 0x01B9, 0x01B9, 0x01B9, 0x01B9, 0x003E, 0x0000,
};

u16 D_80114B20[8] = {
    0x0032, 0x01B9, 0x01B9, 0x01B9, 0x01B9, 0x01B9, 0x003F, 0x0000,
};

u16 D_80114B30[4] = {
    0x0001, 0x0002, 0x0003, 0x0004,
};

u16 D_80114B38[4] = {
    0x0000, 0x0000, 0x0000, 0x0000,
};

u16 D_80114B40[4] = {
    0x000D, 0x0006, 0x0007, 0x000E,
};

u16 D_80114B48[4] = {
    0x0009, 0x000A, 0x000B, 0x000C,
};

u16 D_80114B50[4] = {
    0x0005, 0x0006, 0x0007, 0x0008,
};

u16 D_80114B58[16] = {
    0x0000, 0x0000, 0x0000, 0x0000, 0x0000, 0x0000, 0x0000, 0x0000,
    0x0000, 0x0000, 0x0000, 0x0000, 0x0000, 0x0000, 0x0000, 0x0000,
};

u16 D_80114B78[4] = {
    0x0138, 0x0108, 0x0118, 0x0128,
};

u16 D_80114B80[4] = {
    0x0148, 0x0109, 0x0119, 0x0129,
};

u16 D_80114B88[4] = {
    0x0000, 0x0139, 0x013A, 0x013B,
};

u16 D_80114B90[4] = {
    0x0000, 0x0149, 0x014A, 0x014B,
};

u16 D_80114B98[4] = {
    0x0000, 0x0159, 0x015A, 0x015B,
};

u16 D_80114BA0[2] = {
    0x00A0, 0x00B0,
};

u16 D_80114BA4[4] = {
    0x00A1, 0x00B1, 0x0092, 0x0000,
};

u16 D_80114BAC[4] = {
    0x00A2, 0x00B2, 0x00C2, 0x00D2,
};

u16 D_80114BB4[8] = {
    0x0100, 0x0101, 0x0102, 0x0103, 0x0104, 0x0105, 0x0106, 0x0107,
};

u16 D_80114BC4[8] = {
    0x0110, 0x0111, 0x0112, 0x0113, 0x0114, 0x0115, 0x0116, 0x0117,
};

u16 D_80114BD4[8] = {
    0x0120, 0x0121, 0x0122, 0x0123, 0x0124, 0x0125, 0x0126, 0x0127,
};

u16 D_80114BE4[8] = {
    0x0130, 0x0131, 0x0132, 0x0133, 0x0134, 0x0135, 0x0136, 0x0137,
};

u16 D_80114BF4[8] = {
    0x0140, 0x0141, 0x0142, 0x0143, 0x0144, 0x0145, 0x0146, 0x0147,
};

u16 D_80114C04[8] = {
    0x0150, 0x0151, 0x0152, 0x0153, 0x0154, 0x0155, 0x0156, 0x0157,
};

u16 D_80114C14[4] = {
    0x0000, 0x0000, 0x0000, 0x0000,
};

u16 D_80114C1C[4] = {
    0x0164, 0x0165, 0x0166, 0x0167,
};

u16 D_80114C24[4] = {
    0x0170, 0x0171, 0x0172, 0x0173,
};

u16 D_80114C2C[4] = {
    0x0160, 0x0161, 0x0162, 0x0163,
};

u16 D_80114C34[4] = {
    0x0174, 0x0175, 0x0176, 0x0177,
};

u16 D_80114C3C[6] = {
    0x0060, 0x0062, 0x0064, 0x0066, 0x0068, 0x006A,
};

u16 D_80114C48[6] = {
    0x0061, 0x0063, 0x0065, 0x0067, 0x0069, 0x006B,
};

u16 D_80114C54[10] = {
    0x015C, 0x015C, 0x0010, 0x0020, 0x0030, 0x006B, 0x0065, 0x0067,
    0x0069, 0x006B,
};

u16 D_80114C68[8] = {
    0x0064, 0x0066, 0x0068, 0x006A, 0x0064, 0x0066, 0x0068, 0x006A,
};

u16 D_80114C78[4] = {
    0x0000, 0x0000, 0x0000, 0x0000,
};

u16 D_80114C80[20] = {
    0x0000, 0x0000, 0x0000, 0x0000, 0x0000, 0x0000, 0x0000, 0x0000,
    0x0000, 0x0000, 0x0000, 0x0000, 0x0000, 0x0000, 0x0000, 0x0000,
    0x0000, 0x0000, 0x0000, 0x0000,
};

u16 D_80114CA8[20] = {
    0x0019, 0x001A, 0x001B, 0x001C, 0x0019, 0x001A, 0x001B, 0x001C,
    0x0019, 0x001A, 0x001B, 0x001C, 0x0019, 0x001A, 0x001B, 0x001C,
    0x0019, 0x001A, 0x001B, 0x001C,
};

u16 D_80114CD0[20] = {
    0x001D, 0x001E, 0x001F, 0x0020, 0x001D, 0x001E, 0x001F, 0x0020,
    0x001D, 0x001E, 0x001F, 0x0020, 0x001D, 0x001E, 0x001F, 0x0020,
    0x001D, 0x001E, 0x001F, 0x0020,
};

u16 D_80114CF8[4] = {
    0x0001, 0x0004, 0x0007, 0x000A,
};

u16 D_80114D00[4] = {
    0x0002, 0x0005, 0x0008, 0x000B,
};

u16 D_80114D08[4] = {
    0x0003, 0x0006, 0x0009, 0x000C,
};

u16 D_80114D10[4] = {
    0x000D, 0x0010, 0x0013, 0x0016,
};

u16 D_80114D18[4] = {
    0x000E, 0x0011, 0x0014, 0x0017,
};

u16 D_80114D20[4] = {
    0x000F, 0x0012, 0x0015, 0x0018,
};

u16 D_80114D28[14] = {
    0x0000, 0x0000, 0x0000, 0x0000, 0x0000, 0x0000, 0x0000, 0x0000,
    0x0000, 0x0000, 0x0000, 0x0000, 0x0000, 0x0000,
};

u16 D_80114D44[12] = {
    0x00E2, 0x00E3, 0x00E4, 0x0095, 0x00A5, 0x006B, 0x007B, 0x008B,
    0x009B, 0x00AB, 0x008D, 0x009D,
};

u16 D_80114D5C[12] = {
    0x0060, 0x0070, 0x0080, 0x0090, 0x00A0, 0x0066, 0x0076, 0x0086,
    0x0096, 0x00A6, 0x006C, 0x007C,
};

u16 D_80114D74[12] = {
    0x00E5, 0x00E6, 0x00E7, 0x0095, 0x00A5, 0x006B, 0x007B, 0x008B,
    0x009B, 0x00AB, 0x008D, 0x009D,
};

u16 D_80114D8C[12] = {
    0x0060, 0x0070, 0x0080, 0x0090, 0x00A0, 0x0066, 0x0076, 0x00EA,
    0x00EB, 0x00EC, 0x00ED, 0x00EE,
};

u16 D_80114DA4[12] = {
    0x0065, 0x0075, 0x0085, 0x0095, 0x00A5, 0x00EF, 0x00F0, 0x00F1,
    0x00F2, 0x00F1, 0x00F2, 0x00F3,
};

u16 D_80114DBC[12] = {
    0x00AE, 0x00AF, 0x00F7, 0x00F6, 0x00F7, 0x00F8, 0x00F9, 0x00F9,
    0x00F9, 0x00EA, 0x00EB, 0x00FA,
};

u16 D_80114DD4[12] = {
    0x0065, 0x0075, 0x0085, 0x0095, 0x00A5, 0x006B, 0x007B, 0x008B,
    0x009B, 0x00EF, 0x00F0, 0x00F3,
};

u16 D_80114DEC[10] = {
    0x0060, 0x0070, 0x0080, 0x0090, 0x00A0, 0x0066, 0x0076, 0x00EA,
    0x00EB, 0x00EC,
};

u16 D_80114E00[10] = {
    0x0065, 0x0075, 0x0085, 0x0095, 0x00A5, 0x006B, 0x007B, 0x00EF,
    0x00F0, 0x00F1,
};

u16 D_80114E14[12] = {
    0x00F4, 0x00F5, 0x00F6, 0x00F7, 0x00F6, 0x00F7, 0x0090, 0x00A0,
    0x00EA, 0x00EB, 0x00EC, 0x0000,
};

u16 D_80114E2C[12] = {
    0x00FB, 0x00FC, 0x00FD, 0x00FE, 0x00FD, 0x00FE, 0x0095, 0x00A5,
    0x00EF, 0x00F0, 0x00F1, 0x0000,
};

u16 D_80114E44[12] = {
    0x0060, 0x0070, 0x0080, 0x0090, 0x00A0, 0x0066, 0x0076, 0x0086,
    0x00A6, 0x006C, 0x007C, 0x0000,
};

u16 D_80114E5C[4] = {
    0x0000, 0x0000, 0x0000, 0x0000,
};

u16 D_80114E64[4] = {
    0x0001, 0x0002, 0x0003, 0x0004,
};

u16 D_80114E6C[4] = {
    0x0005, 0x0006, 0x0007, 0x0008,
};

u16 D_80114E74[4] = {
    0x0009, 0x000A, 0x000B, 0x000C,
};

u16 D_80114E7C[4] = {
    0x000D, 0x000E, 0x000F, 0x0010,
};

u16 D_80114E84[4] = {
    0x0011, 0x0012, 0x0011, 0x0012,
};

u16 D_80114E8C[4] = {
    0x0013, 0x0013, 0x0013, 0x0013,
};

u16 D_80114E94[6] = {
    0x010A, 0x010B, 0x010C, 0x010D, 0x010E, 0x010F,
};

u16 D_80114EA0[6] = {
    0x011A, 0x011B, 0x011C, 0x011D, 0x011E, 0x011F,
};

u16 D_80114EAC[6] = {
    0x012A, 0x012B, 0x012C, 0x012D, 0x012E, 0x012F,
};

u16 D_80114EB8[4] = {
    0x00B0, 0x00C0, 0x00D0, 0x00E0,
};

u16 D_80114EC0[4] = {
    0x00B1, 0x00C1, 0x00D1, 0x00E1,
};

u16 D_80114EC8[6] = {
    0x00B6, 0x00B7, 0x00B8, 0x00B9, 0x00BA, 0x0000,
};

u16 D_80114ED4[6] = {
    0x00C6, 0x00C7, 0x00C8, 0x00C9, 0x00CA, 0x0000,
};

u16 D_80114EE0[6] = {
    0x00D6, 0x00D7, 0x00D8, 0x00D9, 0x00DA, 0x0000,
};

u16 D_80114EEC[6] = {
    0x00BB, 0x00BC, 0x00BD, 0x00BE, 0x00BF, 0x0000,
};

u16 D_80114EF8[6] = {
    0x00CB, 0x00CC, 0x00CD, 0x00CE, 0x00CF, 0x0000,
};

u16 D_80114F04[6] = {
    0x00DB, 0x00DC, 0x00DD, 0x00DE, 0x00DF, 0x0000,
};

u16 D_80114F10[4] = {
    0x00B2, 0x00B3, 0x00B4, 0x00B5,
};

u16 D_80114F18[4] = {
    0x00C2, 0x00C3, 0x00C4, 0x00C5,
};

u16 D_80114F20[4] = {
    0x00D2, 0x00D3, 0x00D4, 0x00D5,
};

u16 D_80114F28[14] = {
    0x0000, 0x0000, 0x0000, 0x0000, 0x0000, 0x0000, 0x0000, 0x0000,
    0x0000, 0x0000, 0x0000, 0x0000, 0x0000, 0x0000,
};

u16 D_80114F44[4] = {
    0x0021, 0x0021, 0x0021, 0x0000,
};

u16 D_80114F4C[4] = {
    0x00FF, 0x00FF, 0x00FF, 0x0000,
};

u16 D_80114F54[4] = {
    0x0001, 0x0002, 0x0003, 0x0000,
};

u16 D_80114F5C[6] = {
    0x0080, 0x0081, 0x0082, 0x0083, 0x0084, 0x0000,
};

u16 D_80114F68[6] = {
    0x0090, 0x0091, 0x0092, 0x0093, 0x0094, 0x0000,
};

u16 D_80114F74[4] = {
    0x0020, 0x0040, 0x0060, 0x0000,
};

u16 D_80114F7C[6] = {
    0x0085, 0x0086, 0x0087, 0x0088, 0x0089, 0x0000,
};

u16 D_80114F88[6] = {
    0x0095, 0x0096, 0x0097, 0x0098, 0x0099, 0x0000,
};

u16 D_80114F94[4] = {
    0x0027, 0x0047, 0x0067, 0x0000,
};

u16 D_80114F9C[6] = {
    0x00A0, 0x00A1, 0x00A2, 0x00A3, 0x00A4, 0x0000,
};

u16 D_80114FA8[6] = {
    0x00A5, 0x00A6, 0x00A7, 0x00A8, 0x00A9, 0x0000,
};

u16 D_80114FB4[4] = {
    0x0004, 0x0005, 0x0006, 0x0007,
};

u16 D_80114FBC[6] = {
    0x008A, 0x008B, 0x008C, 0x008D, 0x008E, 0x008F,
};

u16 D_80114FC8[6] = {
    0x0021, 0x0022, 0x0023, 0x0024, 0x0025, 0x0026,
};

u16 D_80114FD4[8] = {
    0x0030, 0x0031, 0x0032, 0x0033, 0x0034, 0x0035, 0x0036, 0x0037,
};

u16 D_80114FE4[4] = {
    0x0010, 0x0011, 0x0012, 0x0013,
};

u16 D_80114FEC[6] = {
    0x009A, 0x009B, 0x009C, 0x009D, 0x009E, 0x009F,
};

u16 D_80114FF8[6] = {
    0x0041, 0x0042, 0x0043, 0x0044, 0x0045, 0x0046,
};

u16 D_80115004[8] = {
    0x0050, 0x0051, 0x0052, 0x0053, 0x0054, 0x0055, 0x0056, 0x0057,
};

u16 D_80115014[4] = {
    0x0014, 0x0015, 0x0016, 0x0017,
};

u16 D_8011501C[6] = {
    0x00AA, 0x00AB, 0x00AC, 0x00AD, 0x00AE, 0x00AF,
};

u16 D_80115028[6] = {
    0x0061, 0x0062, 0x0063, 0x0064, 0x0065, 0x0066,
};

u16 D_80115034[8] = {
    0x0070, 0x0071, 0x0072, 0x0073, 0x0074, 0x0075, 0x0076, 0x0077,
};

u16 D_80115044[8] = {
    0x0008, 0x0018, 0x0028, 0x0038, 0x0048, 0x0058, 0x0068, 0x0078,
};

u16 D_80115054[8] = {
    0x0009, 0x0019, 0x0029, 0x0039, 0x0049, 0x0059, 0x0069, 0x0079,
};

u16 D_80115064[8] = {
    0x000A, 0x001A, 0x002A, 0x003A, 0x004A, 0x005A, 0x006A, 0x007A,
};

u16 D_80115074[8] = {
    0x000B, 0x001B, 0x002B, 0x003B, 0x004B, 0x005B, 0x006B, 0x007B,
};

u16 D_80115084[8] = {
    0x000C, 0x001C, 0x002C, 0x003C, 0x004C, 0x005C, 0x006C, 0x007C,
};

u16 D_80115094[8] = {
    0x000D, 0x001D, 0x002D, 0x003D, 0x004D, 0x005D, 0x006D, 0x007D,
};

u16 D_801150A4[8] = {
    0x000E, 0x001E, 0x002E, 0x003E, 0x004E, 0x005E, 0x006E, 0x007E,
};

u16 D_801150B4[8] = {
    0x000F, 0x001F, 0x002F, 0x003F, 0x004F, 0x005F, 0x006F, 0x007F,
};

u16 D_801150C4[4] = {
    0x0000, 0x0000, 0x0000, 0x0000,
};

u16 D_801150CC[4] = {
    0x0001, 0x0002, 0x0003, 0x0004,
};

u16 D_801150D4[6] = {
    0x0005, 0x0006, 0x0007, 0x0008, 0x0009, 0x000A,
};

u16 D_801150E0[6] = {
    0x000B, 0x000C, 0x000D, 0x000E, 0x000F, 0x0010,
};

u16 D_801150EC[6] = {
    0x0011, 0x0012, 0x0013, 0x0014, 0x0015, 0x0016,
};

u16 D_801150F8[6] = {
    0x0017, 0x0018, 0x0019, 0x001A, 0x001B, 0x001C,
};

u16 D_80115104[4] = {
    0x001D, 0x001E, 0x001F, 0x0020,
};

u16 D_8011510C[4] = {
    0x0021, 0x0022, 0x0023, 0x0024,
};

u16 D_80115114[6] = {
    0x0025, 0x0026, 0x0027, 0x0028, 0x0029, 0x002A,
};

u16 D_80115120[6] = {
    0x002B, 0x002C, 0x002D, 0x002E, 0x002F, 0x0030,
};

u16 D_8011512C[6] = {
    0x0031, 0x0032, 0x0033, 0x0034, 0x0035, 0x0036,
};

u16 D_80115138[6] = {
    0x0037, 0x0038, 0x0039, 0x003A, 0x003B, 0x003C,
};

u16 D_80115144[4] = {
    0x003D, 0x003E, 0x003F, 0x0040,
};

u16 D_8011514C[4] = {
    0x0041, 0x0042, 0x0043, 0x0044,
};

u16 D_80115154[6] = {
    0x0045, 0x0046, 0x0047, 0x0048, 0x0049, 0x004A,
};

u16 D_80115160[6] = {
    0x004B, 0x004C, 0x004D, 0x004E, 0x004F, 0x0050,
};

u16 D_8011516C[6] = {
    0x0051, 0x0052, 0x0053, 0x0054, 0x0055, 0x0056,
};

u16 D_80115178[6] = {
    0x0057, 0x0058, 0x0059, 0x005A, 0x005B, 0x005C,
};

u16 D_80115184[4] = {
    0x005D, 0x005E, 0x005F, 0x0060,
};

u16 D_8011518C[4] = {
    0x0061, 0x0062, 0x0063, 0x0064,
};

u16 D_80115194[6] = {
    0x0065, 0x0066, 0x0067, 0x0068, 0x0069, 0x006A,
};

u16 D_801151A0[6] = {
    0x006B, 0x006C, 0x006D, 0x006E, 0x006F, 0x0070,
};

u16 D_801151AC[6] = {
    0x0071, 0x0072, 0x0073, 0x0074, 0x0075, 0x0076,
};

u16 D_801151B8[6] = {
    0x0077, 0x0078, 0x0079, 0x007A, 0x007B, 0x007C,
};

u16 D_801151C4[4] = {
    0x007D, 0x007E, 0x007F, 0x0080,
};

u16 D_801151CC[4] = {
    0x0081, 0x0082, 0x0083, 0x0084,
};

u16 D_801151D4[6] = {
    0x0085, 0x0086, 0x0087, 0x0088, 0x0089, 0x008A,
};

u16 D_801151E0[6] = {
    0x008B, 0x008C, 0x008D, 0x008E, 0x008F, 0x0090,
};

u16 D_801151EC[6] = {
    0x0091, 0x0092, 0x0093, 0x0094, 0x0095, 0x0096,
};

u16 D_801151F8[6] = {
    0x0097, 0x0098, 0x0099, 0x009A, 0x009B, 0x009C,
};

u16 D_80115204[4] = {
    0x009D, 0x009E, 0x009F, 0x00A0,
};

u16 D_8011520C[4] = {
    0x00A1, 0x00A2, 0x00A3, 0x00A4,
};

u16 D_80115214[6] = {
    0x00A5, 0x00A6, 0x00A7, 0x00A8, 0x00A9, 0x00AA,
};

u16 D_80115220[6] = {
    0x00AB, 0x00AC, 0x00AD, 0x00AE, 0x00AF, 0x00B0,
};

u16 D_8011522C[6] = {
    0x00B1, 0x00B2, 0x00B3, 0x00B4, 0x00B5, 0x00B6,
};

u16 D_80115238[6] = {
    0x00B7, 0x00B8, 0x00B9, 0x00BA, 0x00BB, 0x00BC,
};

u16 D_80115244[4] = {
    0x00BD, 0x00BE, 0x00BF, 0x00C0,
};

u16 D_8011524C[4] = {
    0x00C1, 0x00C2, 0x00C3, 0x00C4,
};

u16 D_80115254[6] = {
    0x00C5, 0x00C6, 0x00C7, 0x00C8, 0x00C9, 0x00CA,
};

u16 D_80115260[6] = {
    0x00CB, 0x00CC, 0x00CD, 0x00CE, 0x00CF, 0x00D0,
};

u16 D_8011526C[6] = {
    0x00D1, 0x00D2, 0x00D3, 0x00D4, 0x00D5, 0x00D6,
};

u16 D_80115278[6] = {
    0x00D7, 0x00D8, 0x00D9, 0x00DA, 0x00DB, 0x00DC,
};

u16 D_80115284[4] = {
    0x00DD, 0x00DE, 0x00DF, 0x00E0,
};

u16 D_8011528C[4] = {
    0x00E1, 0x00E2, 0x00E3, 0x00E4,
};

u16 D_80115294[6] = {
    0x00E5, 0x00E6, 0x00E7, 0x00E8, 0x00E9, 0x00EA,
};

u16 D_801152A0[6] = {
    0x00EB, 0x00EC, 0x00ED, 0x00EE, 0x00EF, 0x00F0,
};

u16 D_801152AC[6] = {
    0x00F1, 0x00F2, 0x00F3, 0x00F4, 0x00F5, 0x00F6,
};

u16 D_801152B8[6] = {
    0x00F7, 0x00F8, 0x00F9, 0x00FA, 0x00FB, 0x00FC,
};

u16 D_801152C4[4] = {
    0x00FD, 0x00FE, 0x00FF, 0x0100,
};

u16 D_801152CC[4] = {
    0x0101, 0x0102, 0x0103, 0x0104,
};

u16 D_801152D4[6] = {
    0x0105, 0x0106, 0x0107, 0x0108, 0x0109, 0x010A,
};

u16 D_801152E0[6] = {
    0x010B, 0x010C, 0x010D, 0x010E, 0x010F, 0x0110,
};

u16 D_801152EC[6] = {
    0x0111, 0x0112, 0x0113, 0x0114, 0x0115, 0x0116,
};

u16 D_801152F8[6] = {
    0x0117, 0x0118, 0x0119, 0x011A, 0x011B, 0x011C,
};

u16 D_80115304[4] = {
    0x011D, 0x011E, 0x011F, 0x0120,
};

u16 D_8011530C[4] = {
    0x0000, 0x0000, 0x0000, 0x0000,
};

u16 D_80115314[4] = {
    0x0005, 0x0006, 0x0007, 0x0008,
};

u16 D_8011531C[4] = {
    0x0015, 0x0016, 0x0017, 0x0018,
};

u16 D_80115324[4] = {
    0x0019, 0x001A, 0x001B, 0x001C,
};

u16 D_8011532C[4] = {
    0x0001, 0x0002, 0x0003, 0x0004,
};

u16 D_80115334[4] = {
    0x0011, 0x0012, 0x0013, 0x0014,
};

u16 D_8011533C[4] = {
    0x4009, 0x400A, 0x400B, 0x400C,
};

u16 D_80115344[4] = {
    0x400D, 0x400E, 0x400F, 0x4010,
};

u16 D_8011534C[4] = {
    0x401D, 0x401D, 0x401D, 0x401D,
};

u16 D_80115354[4] = {
    0x401E, 0x401F, 0x4020, 0x4021,
};

u16 D_8011535C[4] = {
    0x4022, 0x4023, 0x4024, 0x4025,
};

u16 D_80115364[8] = {
    0x8020, 0x8021, 0x8022, 0x8023, 0x8024, 0x8025, 0x8026, 0x8027,
};

u16 D_80115374[8] = {
    0x8030, 0x8031, 0x8032, 0x8033, 0x8034, 0x8035, 0x8036, 0x8037,
};

u16 D_80115384[8] = {
    0x8040, 0x8041, 0x8042, 0x8043, 0x8044, 0x8045, 0x8046, 0x8047,
};

u16 D_80115394[8] = {
    0x8050, 0x8051, 0x8052, 0x8053, 0x8050, 0x8051, 0x8052, 0x8053,
};

u16 D_801153A4[8] = {
    0x8060, 0x8061, 0x8062, 0x8063, 0x8060, 0x8061, 0x8062, 0x8063,
};

u16 D_801153B4[8] = {
    0x8028, 0x8029, 0x802A, 0x802B, 0x802C, 0x802D, 0x802E, 0x802F,
};

u16 D_801153C4[8] = {
    0x8038, 0x8039, 0x803A, 0x803B, 0x803C, 0x803D, 0x803E, 0x803F,
};

u16 D_801153D4[8] = {
    0x8048, 0x8049, 0x804A, 0x804B, 0x804C, 0x804D, 0x804E, 0x804E,
};

u16 D_801153E4[8] = {
    0x8058, 0x8059, 0x805A, 0x805B, 0x8058, 0x8059, 0x805A, 0x805B,
};

u16 D_801153F4[8] = {
    0x8068, 0x8069, 0x806A, 0x806B, 0x8068, 0x8069, 0x806A, 0x806B,
};

u16 D_80115404[8] = {
    0x8070, 0x8071, 0x8072, 0x8073, 0x8074, 0x8075, 0x8076, 0x8077,
};

u16 D_80115414[8] = {
    0x8080, 0x8081, 0x8082, 0x8083, 0x8084, 0x8085, 0x8086, 0x8087,
};

u16 D_80115424[8] = {
    0x8090, 0x8091, 0x8092, 0x8093, 0x8094, 0x8095, 0x8096, 0x8097,
};

u16 D_80115434[8] = {
    0x8054, 0x8055, 0x8056, 0x8057, 0x8054, 0x8055, 0x8056, 0x8057,
};

u16 D_80115444[8] = {
    0x8064, 0x8065, 0x8066, 0x8067, 0x8064, 0x8065, 0x8066, 0x8067,
};

u16 D_80115454[8] = {
    0x8078, 0x8079, 0x807A, 0x807B, 0x807C, 0x807D, 0x807E, 0x807F,
};

u16 D_80115464[8] = {
    0x8088, 0x8089, 0x808A, 0x808B, 0x808C, 0x808D, 0x808E, 0x808F,
};

u16 D_80115474[8] = {
    0x8098, 0x8099, 0x809A, 0x809B, 0x809C, 0x809D, 0x809E, 0x809F,
};

u16 D_80115484[8] = {
    0x805C, 0x805D, 0x805E, 0x805F, 0x805C, 0x805D, 0x805E, 0x805F,
};

u16 D_80115494[8] = {
    0x806C, 0x806D, 0x806E, 0x806F, 0x806C, 0x806D, 0x806E, 0x806F,
};

u16 D_801154A4[12] = {
    0x0001, 0x000C, 0x0002, 0x000E, 0x0004, 0x0010, 0x0006, 0x000C,
    0x0007, 0x0013, 0x000B, 0x0000,
};

u16 D_801154BC[12] = {
    0x000D, 0x000C, 0x0003, 0x000F, 0x0005, 0x0011, 0x000C, 0x000C,
    0x0008, 0x0014, 0x0012, 0x0000,
};

u16 D_801154D4[4] = {
    0x0063, 0x0004, 0x0065, 0x0000,
};

u16 D_801154DC[6] = {
    0x0053, 0x0054, 0x0066, 0x0067, 0x0057, 0x0058,
};

u16 D_801154E8[4] = {
    0x0059, 0x005A, 0x005B, 0x005C,
};

u16 D_801154F0[4] = {
    0x0000, 0x0000, 0x0000, 0x0000,
};

u16 D_801154F8[6] = {
    0x0053, 0x0054, 0x0055, 0x0068, 0x0069, 0x006A,
};

u16 D_80115504[4] = {
    0x0059, 0x006B, 0x006C, 0x006D,
};

u16 D_8011550C[6] = {
    0x0053, 0x0054, 0x0055, 0x006E, 0x006F, 0x0070,
};

u16 D_80115518[4] = {
    0x0059, 0x0071, 0x0072, 0x0073,
};

u16 D_80115520[6] = {
    0x0053, 0x0054, 0x0055, 0x0056, 0x0057, 0x0058,
};

u16 D_8011552C[6] = {
    0x005D, 0x005E, 0x0055, 0x0056, 0x0057, 0x0058,
};

u16 D_80115538[4] = {
    0x005F, 0x0060, 0x0000, 0x0000,
};

u16 D_80115540[6] = {
    0x0061, 0x0062, 0x0055, 0x0056, 0x0057, 0x0058,
};

u16 D_8011554C[6] = {
    0x0000, 0x0000, 0x0001, 0x0002, 0x0003, 0x0000,
};

u16 D_80115558[8] = {
    0x0010, 0x0011, 0x0012, 0x0013, 0x0014, 0x0015, 0x0016, 0x0017,
};

u16 D_80115568[8] = {
    0x0020, 0x0021, 0x0022, 0x0023, 0x0024, 0x0025, 0x0026, 0x0027,
};

u16 D_80115578[6] = {
    0x0004, 0x0005, 0x0006, 0x0007, 0x0008, 0x0000,
};

u16 D_80115584[8] = {
    0x0020, 0x0021, 0x0022, 0x0023, 0x0024, 0x0025, 0x000C, 0x000D,
};

u16 D_80115594[6] = {
    0x0004, 0x0009, 0x000A, 0x000B, 0x0008, 0x0000,
};

u16 D_801155A0[8] = {
    0x0010, 0x0011, 0x0012, 0x0013, 0x0018, 0x0019, 0x001A, 0x0017,
};

u16 D_801155B0[8] = {
    0x0020, 0x0021, 0x0022, 0x0023, 0x0028, 0x0029, 0x002A, 0x002B,
};

u16 D_801155C0[6] = {
    0x0004, 0x001B, 0x001C, 0x001D, 0x001E, 0x0000,
};

u16 D_801155CC[4] = {
    0x000E, 0x000F, 0x001F, 0x002C,
};

u16 D_801155D4[6] = {
    0x002D, 0x002E, 0x002F, 0x0030, 0x0031, 0x0000,
};

u16 D_801155E0[8] = {
    0x0010, 0x0011, 0x0012, 0x0013, 0x0032, 0x0033, 0x0034, 0x0035,
};

u16 D_801155F0[8] = {
    0x0020, 0x0021, 0x0022, 0x0023, 0x0024, 0x0036, 0x0037, 0x0038,
};

u16 D_80115600[6] = {
    0x0004, 0x0039, 0x003A, 0x003B, 0x0008, 0x0000,
};

u16 D_8011560C[6] = {
    0x003C, 0x003D, 0x003E, 0x0002, 0x0003, 0x0000,
};

u16 D_80115618[8] = {
    0x0010, 0x0040, 0x0041, 0x0042, 0x0043, 0x0044, 0x0016, 0x0017,
};

u16 D_80115628[8] = {
    0x0020, 0x0045, 0x0046, 0x0047, 0x0048, 0x0025, 0x0026, 0x0027,
};

u16 D_80115638[8] = {
    0x0049, 0x004A, 0x004B, 0x004C, 0x004D, 0x0015, 0x0016, 0x0017,
};

u16 D_80115648[8] = {
    0x004E, 0x004F, 0x0050, 0x0051, 0x0052, 0x0025, 0x0026, 0x0027,
};

u16 D_80115658[2] = {
    0x0040, 0x004F,
};

u16 D_8011565C[2] = {
    0x0041, 0x0050,
};

u16 D_80115660[2] = {
    0x0042, 0x0051,
};

u16 D_80115664[2] = {
    0x0043, 0x0049,
};

u16 D_80115668[2] = {
    0x0044, 0x004A,
};

u16 D_8011566C[2] = {
    0x0045, 0x004B,
};

u16 D_80115670[2] = {
    0x0046, 0x004C,
};

u16 D_80115674[2] = {
    0x0047, 0x004D,
};

u16 D_80115678[2] = {
    0x0048, 0x004E,
};

u16 D_8011567C[8] = {
    0x8020, 0x8021, 0x8022, 0x8023, 0x8024, 0x8025, 0x8026, 0x8027,
};

u16 D_8011568C[8] = {
    0x8030, 0x8031, 0x8032, 0x8033, 0x8034, 0x8035, 0x8036, 0x8037,
};

u16 D_8011569C[8] = {
    0x801F, 0x801F, 0x801F, 0x801F, 0x801F, 0x801F, 0x801F, 0x801F,
};

u16 D_801156AC[8] = {
    0x8028, 0x8029, 0x802A, 0x802B, 0x802C, 0x802D, 0x802E, 0x802F,
};

u16 D_801156BC[8] = {
    0x8038, 0x8039, 0x803A, 0x803B, 0x803C, 0x803D, 0x803E, 0x803F,
};

u16 D_801156CC[8] = {
    0x8040, 0x8041, 0x8042, 0x8043, 0x8044, 0x8045, 0x8046, 0x8047,
};

u16 D_801156DC[8] = {
    0x8050, 0x8051, 0x8052, 0x8053, 0x8054, 0x8055, 0x8056, 0x8057,
};

u16 D_801156EC[8] = {
    0x8048, 0x8049, 0x804A, 0x804B, 0x804C, 0x804D, 0x804E, 0x804F,
};

u16 D_801156FC[8] = {
    0x8058, 0x8059, 0x805A, 0x805B, 0x805C, 0x805D, 0x805E, 0x805F,
};

u16 D_8011570C[8] = {
    0x0001, 0x0002, 0x0003, 0x0004, 0x0005, 0x0006, 0x0007, 0x0008,
};

u16 D_8011571C[8] = {
    0x8009, 0x800A, 0x0000, 0x0000, 0x0000, 0x0000, 0x800B, 0x800C,
};

u16 D_8011572C[8] = {
    0x800D, 0x800E, 0x000F, 0x0010, 0x0000, 0x0011, 0x8012, 0x8013,
};

u16 D_8011573C[8] = {
    0x8014, 0x8015, 0x8016, 0x8017, 0x8018, 0x8019, 0x801A, 0x801B,
};

u16 D_8011574C[6] = {
    0x0030, 0x0031, 0x0032, 0x0033, 0x0034, 0x0035,
};

u16 D_80115758[6] = {
    0x0036, 0x0037, 0x0038, 0x0039, 0x003A, 0x003B,
};

u16 D_80115764[4] = {
    0x0000, 0x0000, 0x0000, 0x0121,
};

u16 D_8011576C[4] = {
    0x0000, 0x0000, 0x0000, 0x0121,
};

struct TileEffectRecord D_80115774[9] = {
    { 0x00, { 0x00, 0x00, 0x00 }, 0x0D, 0x00, (s16)0x0360, (s16)0x0170, 0x0000, D_801140A8, 0x00000001 },
    { 0x00, { 0x00, 0x00, 0x00 }, 0x0D, 0x00, (s16)0x0360, (s16)0x0180, 0x0000, D_801140B4, 0x00000001 },
    { 0x00, { 0x00, 0x00, 0x00 }, 0x0D, 0x00, (s16)0x0360, (s16)0x0190, 0x0000, D_801140C0, 0x00000001 },
    { 0x00, { 0x00, 0x00, 0x00 }, 0x0D, 0x00, (s16)0x0360, (s16)0x01A0, 0x0000, D_801140CC, 0x00000001 },
    { 0x00, { 0x00, 0x00, 0x00 }, 0x0D, 0x00, (s16)0x0360, (s16)0x01B0, 0x0000, D_801140D8, 0x00000001 },
    { 0x00, { 0x00, 0x00, 0x00 }, 0x0D, 0x00, (s16)0x0360, (s16)0x01C0, 0x0000, D_801140E4, 0x00000001 },
    { 0x00, { 0x00, 0x00, 0x00 }, 0x0D, 0x00, (s16)0x0360, (s16)0x01D0, 0x0000, D_801140F0, 0x00000001 },
    { 0x00, { 0x00, 0x00, 0x00 }, 0x0D, 0x00, (s16)0x0360, (s16)0x01E0, 0x0000, D_801140FC, 0x00000001 },
    { 0x00, { 0x00, 0x00, 0x00 }, 0x0D, 0x00, (s16)0x0360, (s16)0x01F0, 0x0000, D_80114108, 0x00000000 },
};

struct TileEffectRecord D_80115828[3] = {
    { 0x00, { 0x00, 0x00, 0x00 }, 0x11, 0x00, (s16)0x03F0, (s16)0x01A0, 0x0000, D_80114114, 0x00000001 },
    { 0x00, { 0x00, 0x00, 0x00 }, 0x11, 0x00, (s16)0x03F0, (s16)0x01B0, 0x0000, D_80114124, 0x00000001 },
    { 0x00, { 0x00, 0x00, 0x00 }, 0x11, 0x00, (s16)0x03F0, (s16)0x01C0, 0x0000, D_80114134, 0x00000000 },
};

struct TileEffectRecord D_80115864[3] = {
    { 0x00, { 0x00, 0x00, 0x00 }, 0x11, 0x00, (s16)0x0490, (s16)0x01A0, 0x0000, D_80114114, 0x00000001 },
    { 0x00, { 0x00, 0x00, 0x00 }, 0x11, 0x00, (s16)0x0490, (s16)0x01B0, 0x0000, D_80114124, 0x00000001 },
    { 0x00, { 0x00, 0x00, 0x00 }, 0x11, 0x00, (s16)0x0490, (s16)0x01C0, 0x0000, D_80114134, 0x00000000 },
};

struct TileEffectRecord D_801158A0[5] = {
    { 0x00, { 0x00, 0x00, 0x00 }, 0x11, 0x00, (s16)0x0830, (s16)0x01B0, 0x0000, D_80114144, 0x00000001 },
    { 0x00, { 0x00, 0x00, 0x00 }, 0x11, 0x00, (s16)0x0830, (s16)0x01C0, 0x0000, D_80114154, 0x00000001 },
    { 0x00, { 0x00, 0x00, 0x00 }, 0x11, 0x00, (s16)0x0830, (s16)0x01D0, 0x0000, D_80114164, 0x00000001 },
    { 0x00, { 0x00, 0x00, 0x00 }, 0x0D, 0x00, (s16)0x0840, (s16)0x01E0, 0x0000, D_80114174, 0x00000001 },
    { 0x00, { 0x00, 0x00, 0x00 }, 0x0D, 0x00, (s16)0x0840, (s16)0x01F0, 0x0000, D_80114180, 0x00000000 },
};

struct TileEffectRecord D_80115904[8] = {
    { 0x00, { 0x00, 0x00, 0x00 }, 0x0D, 0x00, (s16)0x0900, (s16)0x0180, 0x0000, D_801140A8, 0x00000001 },
    { 0x00, { 0x00, 0x00, 0x00 }, 0x0D, 0x00, (s16)0x0900, (s16)0x0190, 0x0000, D_801140B4, 0x00000001 },
    { 0x00, { 0x00, 0x00, 0x00 }, 0x0D, 0x00, (s16)0x0900, (s16)0x01A0, 0x0000, D_801140C0, 0x00000001 },
    { 0x00, { 0x00, 0x00, 0x00 }, 0x0D, 0x00, (s16)0x0900, (s16)0x01B0, 0x0000, D_801140D8, 0x00000001 },
    { 0x00, { 0x00, 0x00, 0x00 }, 0x0D, 0x00, (s16)0x0900, (s16)0x01C0, 0x0000, D_801140E4, 0x00000001 },
    { 0x00, { 0x00, 0x00, 0x00 }, 0x0D, 0x00, (s16)0x0900, (s16)0x01D0, 0x0000, D_801140F0, 0x00000001 },
    { 0x00, { 0x00, 0x00, 0x00 }, 0x06, 0x00, (s16)0x08F0, (s16)0x01B0, 0x0000, D_8011418C, 0x00000001 },
    { 0x00, { 0x00, 0x00, 0x00 }, 0x06, 0x00, (s16)0x0960, (s16)0x01B0, 0x0000, D_80114194, 0x00000000 },
};

struct TileEffectRecord D_801159A4[10] = {
    { 0x00, { 0x00, 0x00, 0x00 }, 0x11, 0x00, (s16)0x09A0, (s16)0x0160, 0x0000, D_8011419C, 0x00000001 },
    { 0x00, { 0x00, 0x00, 0x00 }, 0x11, 0x00, (s16)0x09A0, (s16)0x0170, 0x0000, D_801141AC, 0x00000001 },
    { 0x00, { 0x00, 0x00, 0x00 }, 0x11, 0x00, (s16)0x09A0, (s16)0x0180, 0x0000, D_801141BC, 0x00000001 },
    { 0x00, { 0x00, 0x00, 0x00 }, 0x11, 0x00, (s16)0x09A0, (s16)0x0190, 0x0000, D_801141CC, 0x00000001 },
    { 0x00, { 0x00, 0x00, 0x00 }, 0x11, 0x00, (s16)0x09A0, (s16)0x01A0, 0x0000, D_801141DC, 0x00000001 },
    { 0x00, { 0x00, 0x00, 0x00 }, 0x11, 0x00, (s16)0x09A0, (s16)0x01B0, 0x0000, D_801141EC, 0x00000001 },
    { 0x00, { 0x00, 0x00, 0x00 }, 0x11, 0x00, (s16)0x09A0, (s16)0x01C0, 0x0000, D_801141FC, 0x00000001 },
    { 0x00, { 0x00, 0x00, 0x00 }, 0x11, 0x00, (s16)0x09A0, (s16)0x01D0, 0x0000, D_801141BC, 0x00000001 },
    { 0x00, { 0x00, 0x00, 0x00 }, 0x06, 0x00, (s16)0x0990, (s16)0x01B0, 0x0000, D_8011418C, 0x00000001 },
    { 0x00, { 0x00, 0x00, 0x00 }, 0x06, 0x00, (s16)0x0A20, (s16)0x01B0, 0x0000, D_80114194, 0x00000000 },
};

struct TileEffectRecord D_80115A6C[9] = {
    { 0x00, { 0x00, 0x00, 0x00 }, 0x21, 0x00, (s16)0x0A60, (s16)0x0150, 0x0000, D_8011420C, 0x00000001 },
    { 0x00, { 0x00, 0x00, 0x00 }, 0x21, 0x00, (s16)0x0A60, (s16)0x0160, 0x0000, D_8011420C, 0x00000001 },
    { 0x00, { 0x00, 0x00, 0x00 }, 0x21, 0x00, (s16)0x0A60, (s16)0x0170, 0x0000, D_8011420C, 0x00000001 },
    { 0x00, { 0x00, 0x00, 0x00 }, 0x21, 0x00, (s16)0x0A60, (s16)0x0180, 0x0000, D_8011420C, 0x00000001 },
    { 0x00, { 0x00, 0x00, 0x00 }, 0x21, 0x00, (s16)0x0A60, (s16)0x0190, 0x0000, D_8011420C, 0x00000001 },
    { 0x00, { 0x00, 0x00, 0x00 }, 0x21, 0x00, (s16)0x0A60, (s16)0x01A0, 0x0000, D_8011420C, 0x00000001 },
    { 0x00, { 0x00, 0x00, 0x00 }, 0x21, 0x00, (s16)0x0A60, (s16)0x01D0, 0x0000, D_8011422C, 0x00000001 },
    { 0x00, { 0x00, 0x00, 0x00 }, 0x21, 0x00, (s16)0x0A60, (s16)0x01E0, 0x0000, D_8011424C, 0x00000001 },
    { 0x00, { 0x00, 0x00, 0x00 }, 0x21, 0x00, (s16)0x0A60, (s16)0x01F0, 0x0000, D_8011426C, 0x00000000 },
};

struct TileEffectRecord D_80115B20[10] = {
    { 0x00, { 0x00, 0x00, 0x00 }, 0x11, 0x00, (s16)0x0BA0, (s16)0x0130, 0x0000, D_8011428C, 0x00000001 },
    { 0x00, { 0x00, 0x00, 0x00 }, 0x11, 0x00, (s16)0x0BA0, (s16)0x0140, 0x0000, D_8011429C, 0x00000001 },
    { 0x00, { 0x00, 0x00, 0x00 }, 0x11, 0x00, (s16)0x0BA0, (s16)0x0150, 0x0000, D_801142AC, 0x00000001 },
    { 0x00, { 0x00, 0x00, 0x00 }, 0x11, 0x00, (s16)0x0BA0, (s16)0x0160, 0x0000, D_801142BC, 0x00000001 },
    { 0x00, { 0x00, 0x00, 0x00 }, 0x12, 0x00, (s16)0x0BA0, (s16)0x0170, 0x0000, D_801142CC, 0x00000001 },
    { 0x00, { 0x00, 0x00, 0x00 }, 0x12, 0x00, (s16)0x0BB0, (s16)0x0170, 0x0000, D_801142E0, 0x00000001 },
    { 0x00, { 0x00, 0x00, 0x00 }, 0x09, 0x00, (s16)0x0BE0, (s16)0x0170, 0x0000, D_801142F4, 0x00000001 },
    { 0x00, { 0x00, 0x00, 0x00 }, 0x10, 0x00, (s16)0x0BF0, (s16)0x0180, 0x0000, D_801142FC, 0x00000001 },
    { 0x00, { 0x00, 0x00, 0x00 }, 0x10, 0x00, (s16)0x0C00, (s16)0x0180, 0x0000, D_8011430C, 0x00000001 },
    { 0x00, { 0x00, 0x00, 0x00 }, 0x10, 0x00, (s16)0x0C10, (s16)0x0180, 0x0000, D_8011431C, 0x00000000 },
};

struct TileEffectRecord D_80115BE8[9] = {
    { 0x00, { 0x00, 0x00, 0x00 }, 0x11, 0x00, (s16)0x0C60, (s16)0x0100, 0x0000, D_8011432C, 0x00000001 },
    { 0x00, { 0x00, 0x00, 0x00 }, 0x11, 0x00, (s16)0x0C60, (s16)0x0110, 0x0000, D_8011433C, 0x00000001 },
    { 0x00, { 0x00, 0x00, 0x00 }, 0x11, 0x00, (s16)0x0C60, (s16)0x0120, 0x0000, D_8011434C, 0x00000001 },
    { 0x00, { 0x00, 0x00, 0x00 }, 0x11, 0x00, (s16)0x0C60, (s16)0x0130, 0x0000, D_801141CC, 0x00000001 },
    { 0x00, { 0x00, 0x00, 0x00 }, 0x11, 0x00, (s16)0x0C60, (s16)0x0140, 0x0000, D_801141DC, 0x00000001 },
    { 0x00, { 0x00, 0x00, 0x00 }, 0x11, 0x00, (s16)0x0C60, (s16)0x0150, 0x0000, D_801141EC, 0x00000001 },
    { 0x00, { 0x00, 0x00, 0x00 }, 0x11, 0x00, (s16)0x0C60, (s16)0x0160, 0x0000, D_801141FC, 0x00000001 },
    { 0x00, { 0x00, 0x00, 0x00 }, 0x11, 0x00, (s16)0x0C60, (s16)0x0170, 0x0000, D_801141BC, 0x00000001 },
    { 0x00, { 0x00, 0x00, 0x00 }, 0x11, 0x00, (s16)0x0C60, (s16)0x0180, 0x0000, D_8011435C, 0x00000000 },
};

struct TileEffectRecord D_80115C9C[11] = {
    { 0x00, { 0x00, 0x00, 0x00 }, 0x15, 0x00, (s16)0x0D60, (s16)0x0100, 0x0000, D_80114394, 0x00000001 },
    { 0x00, { 0x00, 0x00, 0x00 }, 0x15, 0x00, (s16)0x0D60, (s16)0x0110, 0x0000, D_801143A8, 0x00000001 },
    { 0x00, { 0x00, 0x00, 0x00 }, 0x15, 0x00, (s16)0x0D60, (s16)0x0120, 0x0000, D_801143BC, 0x00000001 },
    { 0x00, { 0x00, 0x00, 0x00 }, 0x15, 0x00, (s16)0x0D60, (s16)0x0130, 0x0000, D_8011436C, 0x00000001 },
    { 0x00, { 0x00, 0x00, 0x00 }, 0x15, 0x00, (s16)0x0D60, (s16)0x0190, 0x0000, D_8011436C, 0x00000001 },
    { 0x00, { 0x00, 0x00, 0x00 }, 0x15, 0x00, (s16)0x0D60, (s16)0x01A0, 0x0000, D_80114380, 0x00000001 },
    { 0x00, { 0x00, 0x00, 0x00 }, 0x15, 0x00, (s16)0x0D60, (s16)0x01B0, 0x0000, D_80114394, 0x00000001 },
    { 0x00, { 0x00, 0x00, 0x00 }, 0x15, 0x00, (s16)0x0D60, (s16)0x01C0, 0x0000, D_801143A8, 0x00000001 },
    { 0x00, { 0x00, 0x00, 0x00 }, 0x15, 0x00, (s16)0x0D60, (s16)0x01D0, 0x0000, D_801143BC, 0x00000001 },
    { 0x00, { 0x00, 0x00, 0x00 }, 0x06, 0x00, (s16)0x0D50, (s16)0x01B0, 0x0000, D_801143D0, 0x00000001 },
    { 0x00, { 0x00, 0x00, 0x00 }, 0x06, 0x00, (s16)0x0E00, (s16)0x01B0, 0x0000, D_801143D8, 0x00000000 },
};

struct TileEffectRecord D_80115D78[5] = {
    { 0x00, { 0x00, 0x00, 0x00 }, 0x15, 0x00, (s16)0x0D60, (s16)0x0140, 0x0000, D_801146B8, 0x00000001 },
    { 0x00, { 0x00, 0x00, 0x00 }, 0x15, 0x00, (s16)0x0D60, (s16)0x0150, 0x0000, D_801146CC, 0x00000001 },
    { 0x00, { 0x00, 0x00, 0x00 }, 0x15, 0x00, (s16)0x0D60, (s16)0x0160, 0x0000, D_801146E0, 0x00000001 },
    { 0x00, { 0x00, 0x00, 0x00 }, 0x15, 0x00, (s16)0x0D60, (s16)0x0170, 0x0000, D_801146F4, 0x00000001 },
    { 0x00, { 0x00, 0x00, 0x00 }, 0x15, 0x00, (s16)0x0D60, (s16)0x0180, 0x0000, D_80114708, 0x00000000 },
};

struct TileEffectRecord D_80115DDC[1] = {
    { 0x00, { 0x00, 0x00, 0x00 }, 0x3C, 0x00, (s16)0x0E00, (s16)0x0200, 0x0000, D_80114534, 0x00000000 },
};

struct TileEffectRecord D_80115DF0[1] = {
    { 0x00, { 0x00, 0x00, 0x00 }, 0x3C, 0x00, (s16)0x0E10, (s16)0x0200, 0x0000, D_80114534, 0x00000000 },
};

struct TileEffectRecord D_80115E04[1] = {
    { 0x00, { 0x00, 0x00, 0x00 }, 0x3C, 0x00, (s16)0x0E20, (s16)0x0200, 0x0000, D_80114534, 0x00000000 },
};

struct TileEffectRecord D_80115E18[1] = {
    { 0x00, { 0x00, 0x00, 0x00 }, 0x42, 0x00, (s16)0x0E30, (s16)0x01D0, 0x0000, D_801143E0, 0x00000000 },
};

struct TileEffectRecord D_80115E2C[1] = {
    { 0x00, { 0x00, 0x00, 0x00 }, 0x42, 0x00, (s16)0x0E40, (s16)0x01D0, 0x0000, D_801143E0, 0x00000000 },
};

struct TileEffectRecord D_80115E40[1] = {
    { 0x00, { 0x00, 0x00, 0x00 }, 0x42, 0x00, (s16)0x0E50, (s16)0x01D0, 0x0000, D_801143E0, 0x00000000 },
};

struct TileEffectRecord D_80115E54[1] = {
    { 0x00, { 0x00, 0x00, 0x00 }, 0x42, 0x00, (s16)0x0E60, (s16)0x01D0, 0x0000, D_80114424, 0x00000000 },
};

struct TileEffectRecord D_80115E68[1] = {
    { 0x00, { 0x00, 0x00, 0x00 }, 0x42, 0x00, (s16)0x0E70, (s16)0x01D0, 0x0000, D_80114468, 0x00000000 },
};

struct TileEffectRecord D_80115E7C[1] = {
    { 0x00, { 0x00, 0x00, 0x00 }, 0x42, 0x00, (s16)0x0E80, (s16)0x01D0, 0x0000, D_801144AC, 0x00000000 },
};

struct TileEffectRecord D_80115E90[1] = {
    { 0x00, { 0x00, 0x00, 0x00 }, 0x42, 0x00, (s16)0x0E90, (s16)0x01D0, 0x0000, D_801144F0, 0x00000000 },
};

struct TileEffectRecord D_80115EA4[1] = {
    { 0x00, { 0x00, 0x00, 0x00 }, 0x42, 0x00, (s16)0x0EA0, (s16)0x01D0, 0x0000, D_80114674, 0x00000000 },
};

struct TileEffectRecord D_80115EB8[1] = {
    { 0x00, { 0x00, 0x00, 0x00 }, 0x42, 0x00, (s16)0x0EB0, (s16)0x01D0, 0x0000, D_80114630, 0x00000000 },
};

struct TileEffectRecord D_80115ECC[1] = {
    { 0x00, { 0x00, 0x00, 0x00 }, 0x42, 0x00, (s16)0x0EC0, (s16)0x01D0, 0x0000, D_801145EC, 0x00000000 },
};

struct TileEffectRecord D_80115EE0[1] = {
    { 0x00, { 0x00, 0x00, 0x00 }, 0x42, 0x00, (s16)0x0ED0, (s16)0x01D0, 0x0000, D_801145A8, 0x00000000 },
};

struct TileEffectRecord D_80115EF4[1] = {
    { 0x00, { 0x00, 0x00, 0x00 }, 0x42, 0x00, (s16)0x0EE0, (s16)0x01D0, 0x0000, D_801143E0, 0x00000000 },
};

struct TileEffectRecord D_80115F08[1] = {
    { 0x00, { 0x00, 0x00, 0x00 }, 0x42, 0x00, (s16)0x0EF0, (s16)0x01D0, 0x0000, D_801143E0, 0x00000000 },
};

struct TileEffectRecord D_80115F1C[1] = {
    { 0x00, { 0x00, 0x00, 0x00 }, 0x42, 0x00, (s16)0x0F00, (s16)0x01D0, 0x0000, D_801143E0, 0x00000000 },
};

struct TileEffectRecord D_80115F30[1] = {
    { 0x00, { 0x00, 0x00, 0x00 }, 0x3C, 0x00, (s16)0x0F10, (s16)0x0200, 0x0000, D_80114534, 0x00000000 },
};

struct TileEffectRecord D_80115F44[1] = {
    { 0x00, { 0x00, 0x00, 0x00 }, 0x3C, 0x00, (s16)0x0F20, (s16)0x0200, 0x0000, D_80114534, 0x00000000 },
};

struct TileEffectRecord D_80115F58[1] = {
    { 0x00, { 0x00, 0x00, 0x00 }, 0x3C, 0x00, (s16)0x0F30, (s16)0x0200, 0x0000, D_80114534, 0x00000000 },
};

struct TileEffectRecord D_80115F6C[1] = {
    { 0x00, { 0x00, 0x00, 0x00 }, 0x3C, 0x00, (s16)0x0F20, (s16)0x0200, 0x0000, D_80114534, 0x00000000 },
};

struct TileEffectRecord D_80115F80[1] = {
    { 0x00, { 0x00, 0x00, 0x00 }, 0x3C, 0x00, (s16)0x0F20, (s16)0x0200, 0x0000, D_80114534, 0x00000000 },
};

struct TileEffectRecord D_80115F94[6] = {
    { 0x00, { 0x00, 0x00, 0x00 }, 0x0D, 0x00, (s16)0x02C0, (s16)0x0100, 0x0000, D_801140C0, 0x00000001 },
    { 0x00, { 0x00, 0x00, 0x00 }, 0x0D, 0x00, (s16)0x02C0, (s16)0x0110, 0x0000, D_801140CC, 0x00000001 },
    { 0x00, { 0x00, 0x00, 0x00 }, 0x0D, 0x00, (s16)0x02C0, (s16)0x0120, 0x0000, D_801140D8, 0x00000001 },
    { 0x00, { 0x00, 0x00, 0x00 }, 0x0D, 0x00, (s16)0x02C0, (s16)0x0130, 0x0000, D_801140E4, 0x00000001 },
    { 0x00, { 0x00, 0x00, 0x00 }, 0x0D, 0x00, (s16)0x02C0, (s16)0x0140, 0x0000, D_801140F0, 0x00000001 },
    { 0x00, { 0x00, 0x00, 0x00 }, 0x0D, 0x00, (s16)0x02C0, (s16)0x0150, 0x0000, D_801140FC, 0x00000000 },
};

struct TileEffectRecord D_8011600C[5] = {
    { 0x00, { 0x00, 0x00, 0x00 }, 0x14, 0x00, (s16)0x0C90, (s16)0x0120, 0x0000, D_8011471C, 0x00000001 },
    { 0x00, { 0x00, 0x00, 0x00 }, 0x14, 0x00, (s16)0x0CA0, (s16)0x0120, 0x0000, D_80114730, 0x00000001 },
    { 0x00, { 0x00, 0x00, 0x00 }, 0x14, 0x00, (s16)0x0CB0, (s16)0x0120, 0x0000, D_80114744, 0x00000001 },
    { 0x00, { 0x00, 0x00, 0x00 }, 0x14, 0x00, (s16)0x0CC0, (s16)0x0120, 0x0000, D_80114758, 0x00000001 },
    { 0x00, { 0x00, 0x00, 0x00 }, 0x14, 0x00, (s16)0x0CD0, (s16)0x0120, 0x0000, D_8011476C, 0x00000000 },
};

struct TileEffectRecord D_80116070[9] = {
    { 0x00, { 0x00, 0x00, 0x00 }, 0x0D, 0x00, (s16)0x0680, (s16)0x0130, 0x0000, D_80114780, 0x00000001 },
    { 0x00, { 0x00, 0x00, 0x00 }, 0x0D, 0x00, (s16)0x0680, (s16)0x0140, 0x0000, D_8011478C, 0x00000001 },
    { 0x00, { 0x00, 0x00, 0x00 }, 0x0D, 0x00, (s16)0x0680, (s16)0x0150, 0x0000, D_80114798, 0x00000001 },
    { 0x00, { 0x00, 0x00, 0x00 }, 0x0D, 0x00, (s16)0x0680, (s16)0x0160, 0x0000, D_801147A4, 0x00000001 },
    { 0x00, { 0x00, 0x00, 0x00 }, 0x0D, 0x00, (s16)0x0680, (s16)0x0170, 0x0000, D_801147B0, 0x00000001 },
    { 0x00, { 0x00, 0x00, 0x00 }, 0x0D, 0x00, (s16)0x0680, (s16)0x0180, 0x0000, D_801147BC, 0x00000001 },
    { 0x00, { 0x00, 0x00, 0x00 }, 0x0D, 0x00, (s16)0x0680, (s16)0x0190, 0x0000, D_801147C8, 0x00000001 },
    { 0x00, { 0x00, 0x00, 0x00 }, 0x0D, 0x00, (s16)0x0680, (s16)0x01A0, 0x0000, D_801147D4, 0x00000001 },
    { 0x00, { 0x00, 0x00, 0x00 }, 0x0D, 0x00, (s16)0x0680, (s16)0x01B0, 0x0000, D_801147E0, 0x00000000 },
};

struct TileEffectRecord D_80116124[9] = {
    { 0x00, { 0x00, 0x00, 0x00 }, 0x0D, 0x00, (s16)0x0880, (s16)0x0130, 0x0000, D_80114780, 0x00000001 },
    { 0x00, { 0x00, 0x00, 0x00 }, 0x0D, 0x00, (s16)0x0880, (s16)0x0140, 0x0000, D_8011478C, 0x00000001 },
    { 0x00, { 0x00, 0x00, 0x00 }, 0x0D, 0x00, (s16)0x0880, (s16)0x0150, 0x0000, D_80114798, 0x00000001 },
    { 0x00, { 0x00, 0x00, 0x00 }, 0x0D, 0x00, (s16)0x0880, (s16)0x0160, 0x0000, D_801147A4, 0x00000001 },
    { 0x00, { 0x00, 0x00, 0x00 }, 0x0D, 0x00, (s16)0x0880, (s16)0x0170, 0x0000, D_801147B0, 0x00000001 },
    { 0x00, { 0x00, 0x00, 0x00 }, 0x0D, 0x00, (s16)0x0880, (s16)0x0180, 0x0000, D_801147BC, 0x00000001 },
    { 0x00, { 0x00, 0x00, 0x00 }, 0x0D, 0x00, (s16)0x0880, (s16)0x0190, 0x0000, D_801147C8, 0x00000001 },
    { 0x00, { 0x00, 0x00, 0x00 }, 0x0D, 0x00, (s16)0x0880, (s16)0x01A0, 0x0000, D_801147D4, 0x00000001 },
    { 0x00, { 0x00, 0x00, 0x00 }, 0x0D, 0x00, (s16)0x0880, (s16)0x01B0, 0x0000, D_801147E0, 0x00000000 },
};

struct TileEffectRecord D_801161D8[9] = {
    { 0x00, { 0x00, 0x00, 0x00 }, 0x0D, 0x00, (s16)0x0A80, (s16)0x0130, 0x0000, D_80114780, 0x00000001 },
    { 0x00, { 0x00, 0x00, 0x00 }, 0x0D, 0x00, (s16)0x0A80, (s16)0x0140, 0x0000, D_8011478C, 0x00000001 },
    { 0x00, { 0x00, 0x00, 0x00 }, 0x0D, 0x00, (s16)0x0A80, (s16)0x0150, 0x0000, D_80114798, 0x00000001 },
    { 0x00, { 0x00, 0x00, 0x00 }, 0x0D, 0x00, (s16)0x0A80, (s16)0x0160, 0x0000, D_801147A4, 0x00000001 },
    { 0x00, { 0x00, 0x00, 0x00 }, 0x0D, 0x00, (s16)0x0A80, (s16)0x0170, 0x0000, D_801147B0, 0x00000001 },
    { 0x00, { 0x00, 0x00, 0x00 }, 0x0D, 0x00, (s16)0x0A80, (s16)0x0180, 0x0000, D_801147BC, 0x00000001 },
    { 0x00, { 0x00, 0x00, 0x00 }, 0x0D, 0x00, (s16)0x0A80, (s16)0x0190, 0x0000, D_801147C8, 0x00000001 },
    { 0x00, { 0x00, 0x00, 0x00 }, 0x0D, 0x00, (s16)0x0A80, (s16)0x01A0, 0x0000, D_801147D4, 0x00000001 },
    { 0x00, { 0x00, 0x00, 0x00 }, 0x0D, 0x00, (s16)0x0A80, (s16)0x01B0, 0x0000, D_801147E0, 0x00000000 },
};

struct TileEffectRecord D_8011628C[1] = {
    { 0x00, { 0x00, 0x00, 0x00 }, 0x06, 0x00, (s16)0x0000, (s16)0x0000, 0x0000, D_801147EC, 0x00000000 },
};

struct TileEffectRecord D_801162A0[1] = {
    { 0x00, { 0x00, 0x00, 0x00 }, 0x06, 0x00, (s16)0x0000, (s16)0x0000, 0x0000, D_801147F4, 0x00000000 },
};

struct TileEffectRecord D_801162B4[1] = {
    { 0x00, { 0x00, 0x00, 0x00 }, 0x06, 0x00, (s16)0x0000, (s16)0x0000, 0x0000, D_801147FC, 0x00000000 },
};

struct TileEffectRecord D_801162C8[1] = {
    { 0x00, { 0x00, 0x00, 0x00 }, 0x06, 0x00, (s16)0x0000, (s16)0x0000, 0x0000, D_80114804, 0x00000000 },
};

struct TileEffectRecord D_801162DC[1] = {
    { 0x00, { 0x00, 0x00, 0x00 }, 0x06, 0x00, (s16)0x0000, (s16)0x0000, 0x0000, D_8011480C, 0x00000000 },
};

struct TileEffectRecord D_801162F0[4] = {
    { 0x00, { 0x00, 0x00, 0x00 }, 0x06, 0x00, (s16)0x0000, (s16)0x0000, 0x0000, D_801147EC, 0x00000001 },
    { 0x00, { 0x00, 0x00, 0x00 }, 0x0A, 0x00, (s16)0x0010, (s16)0x0000, 0x0000, D_80114814, 0x00000001 },
    { 0x00, { 0x00, 0x00, 0x00 }, 0x0A, 0x00, (s16)0x0020, (s16)0x0000, 0x0000, D_80114820, 0x00000001 },
    { 0x00, { 0x00, 0x00, 0x00 }, 0x0A, 0x00, (s16)0x0030, (s16)0x0000, 0x0000, D_8011482C, 0x00000000 },
};

struct TileEffectRecord D_80116340[1] = {
    { 0x00, { 0x00, 0x00, 0x00 }, 0x08, 0x00, (s16)0x0000, (s16)0x0000, 0x0000, D_80114844, 0x00000000 },
};

struct TileEffectRecord D_80116354[1] = {
    { 0x00, { 0x00, 0x00, 0x00 }, 0x08, 0x00, (s16)0x0000, (s16)0x0000, 0x0000, D_8011484C, 0x00000000 },
};

struct TileEffectRecord D_80116368[1] = {
    { 0x00, { 0x00, 0x00, 0x00 }, 0x08, 0x00, (s16)0x0000, (s16)0x0000, 0x0000, D_80114854, 0x00000000 },
};

struct TileEffectRecord D_8011637C[1] = {
    { 0x00, { 0x00, 0x00, 0x00 }, 0x08, 0x00, (s16)0x0000, (s16)0x0000, 0x0000, D_8011485C, 0x00000000 },
};

struct TileEffectRecord D_80116390[1] = {
    { 0x00, { 0x00, 0x00, 0x00 }, 0x08, 0x00, (s16)0x0000, (s16)0x0000, 0x0000, D_80114864, 0x00000000 },
};

struct TileEffectRecord D_801163A4[1] = {
    { 0x00, { 0x00, 0x00, 0x00 }, 0x08, 0x00, (s16)0x0000, (s16)0x0000, 0x0000, D_8011486C, 0x00000000 },
};

struct TileEffectRecord D_801163B8[1] = {
    { 0x00, { 0x00, 0x00, 0x00 }, 0x08, 0x00, (s16)0x0000, (s16)0x0000, 0x0000, D_80114874, 0x00000000 },
};

struct TileEffectRecord D_801163CC[1] = {
    { 0x00, { 0x00, 0x00, 0x00 }, 0x08, 0x00, (s16)0x0000, (s16)0x0000, 0x0000, D_8011487C, 0x00000000 },
};

struct TileEffectRecord D_801163E0[1] = {
    { 0x00, { 0x00, 0x00, 0x00 }, 0x08, 0x00, (s16)0x0000, (s16)0x0000, 0x0000, D_80114884, 0x00000000 },
};

struct TileEffectRecord D_801163F4[1] = {
    { 0x00, { 0x00, 0x00, 0x00 }, 0x08, 0x00, (s16)0x0000, (s16)0x0000, 0x0000, D_8011488C, 0x00000000 },
};

struct TileEffectRecord D_80116408[1] = {
    { 0x00, { 0x00, 0x00, 0x00 }, 0x08, 0x00, (s16)0x0000, (s16)0x0000, 0x0000, D_80114894, 0x00000000 },
};

struct TileEffectRecord D_8011641C[1] = {
    { 0x00, { 0x00, 0x00, 0x00 }, 0x08, 0x00, (s16)0x0000, (s16)0x0000, 0x0000, D_8011489C, 0x00000000 },
};

struct TileEffectRecord D_80116430[1] = {
    { 0x00, { 0x00, 0x00, 0x00 }, 0x08, 0x00, (s16)0x0000, (s16)0x0000, 0x0000, D_801148A4, 0x00000000 },
};

struct TileEffectRecord D_80116444[1] = {
    { 0x00, { 0x00, 0x00, 0x00 }, 0x08, 0x00, (s16)0x0000, (s16)0x0000, 0x0000, D_801148AC, 0x00000000 },
};

struct TileEffectRecord D_80116458[1] = {
    { 0x00, { 0x00, 0x00, 0x00 }, 0x08, 0x00, (s16)0x0000, (s16)0x0000, 0x0000, D_801148B4, 0x00000000 },
};

struct TileEffectRecord D_8011646C[1] = {
    { 0x00, { 0x00, 0x00, 0x00 }, 0x08, 0x00, (s16)0x0000, (s16)0x0000, 0x0000, D_801148BC, 0x00000000 },
};

struct TileEffectRecord D_80116480[1] = {
    { 0x00, { 0x00, 0x00, 0x00 }, 0x08, 0x00, (s16)0x0000, (s16)0x0000, 0x0000, D_801148C4, 0x00000000 },
};

struct TileEffectRecord D_80116494[1] = {
    { 0x00, { 0x00, 0x00, 0x00 }, 0x08, 0x00, (s16)0x0000, (s16)0x0000, 0x0000, D_801148CC, 0x00000000 },
};

struct TileEffectRecord D_801164A8[1] = {
    { 0x00, { 0x00, 0x00, 0x00 }, 0x08, 0x00, (s16)0x0000, (s16)0x0000, 0x0000, D_801148D4, 0x00000000 },
};

struct TileEffectRecord D_801164BC[2] = {
    { 0x00, { 0x00, 0x00, 0x00 }, 0x0A, 0x00, (s16)0x0000, (s16)0x0000, 0x0000, D_80114930, 0x00000001 },
    { 0x00, { 0x00, 0x00, 0x00 }, 0x0A, 0x00, (s16)0x0010, (s16)0x0000, 0x0000, D_8011493C, 0x00000000 },
};

struct TileEffectRecord D_801164E4[2] = {
    { 0x00, { 0x00, 0x00, 0x00 }, 0x0A, 0x00, (s16)0x0000, (s16)0x0000, 0x0000, D_80114948, 0x00000001 },
    { 0x00, { 0x00, 0x00, 0x00 }, 0x0A, 0x00, (s16)0x0010, (s16)0x0000, 0x0000, D_80114954, 0x00000000 },
};

struct TileEffectRecord D_8011650C[1] = {
    { 0x00, { 0x00, 0x00, 0x00 }, 0x06, 0x00, (s16)0x0000, (s16)0x0000, 0x0000, D_801148DC, 0x00000000 },
};

struct TileEffectRecord D_80116520[1] = {
    { 0x00, { 0x00, 0x00, 0x00 }, 0x08, 0x00, (s16)0x0000, (s16)0x0000, 0x0000, D_801148E4, 0x00000000 },
};

struct TileEffectRecord D_80116534[4] = {
    { 0x00, { 0x00, 0x00, 0x00 }, 0x06, 0x00, (s16)0x0000, (s16)0x0000, 0x0000, D_801148DC, 0x00000001 },
    { 0x00, { 0x00, 0x00, 0x00 }, 0x0A, 0x00, (s16)0x0010, (s16)0x0000, 0x0000, D_801148EC, 0x00000001 },
    { 0x00, { 0x00, 0x00, 0x00 }, 0x0A, 0x00, (s16)0x0020, (s16)0x0000, 0x0000, D_801148EC, 0x00000001 },
    { 0x00, { 0x00, 0x00, 0x00 }, 0x0A, 0x00, (s16)0x0030, (s16)0x0000, 0x0000, D_801148EC, 0x00000000 },
};

struct TileEffectRecord D_80116584[4] = {
    { 0x00, { 0x00, 0x00, 0x00 }, 0x06, 0x00, (s16)0x0000, (s16)0x0000, 0x0000, D_801148DC, 0x00000001 },
    { 0x00, { 0x00, 0x00, 0x00 }, 0x0A, 0x00, (s16)0x0010, (s16)0x0000, 0x0000, D_801148EC, 0x00000001 },
    { 0x00, { 0x00, 0x00, 0x00 }, 0x0A, 0x00, (s16)0x0020, (s16)0x0000, 0x0000, D_801148EC, 0x00000001 },
    { 0x00, { 0x00, 0x00, 0x00 }, 0x0A, 0x00, (s16)0x0030, (s16)0x0000, 0x0000, D_801148F8, 0x00000000 },
};

struct TileEffectRecord D_801165D4[4] = {
    { 0x00, { 0x00, 0x00, 0x00 }, 0x06, 0x00, (s16)0x0000, (s16)0x0000, 0x0000, D_80114904, 0x00000001 },
    { 0x00, { 0x00, 0x00, 0x00 }, 0x0A, 0x00, (s16)0x0010, (s16)0x0000, 0x0000, D_801148EC, 0x00000001 },
    { 0x00, { 0x00, 0x00, 0x00 }, 0x0A, 0x00, (s16)0x0020, (s16)0x0000, 0x0000, D_801148EC, 0x00000001 },
    { 0x00, { 0x00, 0x00, 0x00 }, 0x0A, 0x00, (s16)0x0030, (s16)0x0000, 0x0000, D_801148EC, 0x00000000 },
};

struct TileEffectRecord D_80116624[1] = {
    { 0x00, { 0x00, 0x00, 0x00 }, 0x06, 0x00, (s16)0x0000, (s16)0x0000, 0x0000, D_8011490C, 0x00000000 },
};

struct TileEffectRecord D_80116638[1] = {
    { 0x00, { 0x00, 0x00, 0x00 }, 0x06, 0x00, (s16)0x0000, (s16)0x0000, 0x0000, D_80114914, 0x00000000 },
};

struct TileEffectRecord D_8011664C[1] = {
    { 0x00, { 0x00, 0x00, 0x00 }, 0x06, 0x00, (s16)0x0000, (s16)0x0000, 0x0000, D_8011491C, 0x00000000 },
};

struct TileEffectRecord D_80116660[4] = {
    { 0x00, { 0x00, 0x00, 0x00 }, 0x06, 0x00, (s16)0x0000, (s16)0x0000, 0x0000, D_801147EC, 0x00000001 },
    { 0x00, { 0x00, 0x00, 0x00 }, 0x0A, 0x00, (s16)0x0010, (s16)0x0000, 0x0000, D_80114814, 0x00000001 },
    { 0x00, { 0x00, 0x00, 0x00 }, 0x0C, 0x00, (s16)0x0020, (s16)0x0000, 0x0000, D_80114838, 0x00000001 },
    { 0x00, { 0x00, 0x00, 0x00 }, 0x0A, 0x00, (s16)0x0030, (s16)0x0000, 0x0000, D_8011482C, 0x00000000 },
};

struct TileEffectRecord D_801166B0[4] = {
    { 0x00, { 0x00, 0x00, 0x00 }, 0x06, 0x00, (s16)0x0000, (s16)0x0000, 0x0000, D_801148DC, 0x00000001 },
    { 0x00, { 0x00, 0x00, 0x00 }, 0x0A, 0x00, (s16)0x0010, (s16)0x0000, 0x0000, D_801148EC, 0x00000001 },
    { 0x00, { 0x00, 0x00, 0x00 }, 0x0C, 0x00, (s16)0x0020, (s16)0x0000, 0x0000, D_80114924, 0x00000001 },
    { 0x00, { 0x00, 0x00, 0x00 }, 0x0A, 0x00, (s16)0x0030, (s16)0x0000, 0x0000, D_801148F8, 0x00000000 },
};

struct TileEffectRecord D_80116700[7] = {
    { 0x00, { 0x00, 0x00, 0x00 }, 0x09, 0x00, (s16)0x0000, (s16)0x0000, 0x0000, D_801148E4, 0x00000001 },
    { 0x00, { 0x00, 0x00, 0x00 }, 0x09, 0x00, (s16)0x0000, (s16)0x0010, 0x0000, D_801148E4, 0x00000001 },
    { 0x00, { 0x00, 0x00, 0x00 }, 0x09, 0x00, (s16)0x0000, (s16)0x0020, 0x0000, D_801148E4, 0x00000001 },
    { 0x00, { 0x00, 0x00, 0x00 }, 0x09, 0x00, (s16)0x0000, (s16)0x0030, 0x0000, D_801148E4, 0x00000001 },
    { 0x00, { 0x00, 0x00, 0x00 }, 0x09, 0x00, (s16)0x0000, (s16)0x0040, 0x0000, D_801148E4, 0x00000001 },
    { 0x00, { 0x00, 0x00, 0x00 }, 0x09, 0x00, (s16)0x0000, (s16)0x0050, 0x0000, D_801148E4, 0x00000001 },
    { 0x00, { 0x00, 0x00, 0x00 }, 0x09, 0x00, (s16)0x0000, (s16)0x0060, 0x0000, D_801148E4, 0x00000000 },
};

struct TileEffectRecord D_8011678C[1] = {
    { 0x00, { 0x00, 0x00, 0x00 }, 0x07, 0x00, (s16)0x0000, (s16)0x0010, 0x0000, D_80114960, 0x00000000 },
};

struct TileEffectRecord D_801167A0[1] = {
    { 0x00, { 0x00, 0x00, 0x00 }, 0x07, 0x00, (s16)0x0000, (s16)0x0010, 0x0000, D_80114968, 0x00000000 },
};

struct TileEffectRecord D_801167B4[1] = {
    { 0x00, { 0x00, 0x00, 0x00 }, 0x07, 0x00, (s16)0x0000, (s16)0x0010, 0x0000, D_80114970, 0x00000000 },
};

struct TileEffectRecord D_801167C8[2] = {
    { 0x00, { 0x00, 0x00, 0x00 }, 0x07, 0x00, (s16)0x0000, (s16)0x0000, 0x0000, D_80114978, 0x00000001 },
    { 0x00, { 0x00, 0x00, 0x00 }, 0x07, 0x00, (s16)0x0000, (s16)0x0010, 0x0000, D_80114980, 0x00000000 },
};

struct TileEffectRecord D_801167F0[1] = {
    { 0x00, { 0x00, 0x00, 0x00 }, 0x07, 0x00, (s16)0x0000, (s16)0x0010, 0x0000, D_80114988, 0x00000000 },
};

struct TileEffectRecord D_80116804[1] = {
    { 0x00, { 0x00, 0x00, 0x00 }, 0x07, 0x00, (s16)0x0000, (s16)0x0010, 0x0000, D_80114990, 0x00000000 },
};

struct TileEffectRecord D_80116818[1] = {
    { 0x00, { 0x00, 0x00, 0x00 }, 0x07, 0x00, (s16)0x0000, (s16)0x0010, 0x0000, D_80114998, 0x00000000 },
};

struct TileEffectRecord D_8011682C[1] = {
    { 0x00, { 0x00, 0x00, 0x00 }, 0x07, 0x00, (s16)0x0000, (s16)0x0010, 0x0000, D_801149A0, 0x00000000 },
};

struct TileEffectRecord D_80116840[2] = {
    { 0x00, { 0x00, 0x00, 0x00 }, 0x07, 0x00, (s16)0x0000, (s16)0x0000, 0x0000, D_801149A8, 0x00000001 },
    { 0x00, { 0x00, 0x00, 0x00 }, 0x07, 0x00, (s16)0x0000, (s16)0x0010, 0x0000, D_801149B0, 0x00000000 },
};

struct TileEffectRecord D_80116868[1] = {
    { 0x00, { 0x00, 0x00, 0x00 }, 0x07, 0x00, (s16)0x0000, (s16)0x0010, 0x0000, D_801149B8, 0x00000000 },
};

struct TileEffectRecord D_8011687C[1] = {
    { 0x00, { 0x00, 0x00, 0x00 }, 0x07, 0x00, (s16)0x0000, (s16)0x0010, 0x0000, D_801149C0, 0x00000000 },
};

struct TileEffectRecord D_80116890[2] = {
    { 0x00, { 0x00, 0x00, 0x00 }, 0x07, 0x00, (s16)0x0000, (s16)0x0000, 0x0000, D_801149C8, 0x00000001 },
    { 0x00, { 0x00, 0x00, 0x00 }, 0x07, 0x00, (s16)0x0000, (s16)0x0010, 0x0000, D_801149D0, 0x00000000 },
};

struct TileEffectRecord D_801168B8[2] = {
    { 0x00, { 0x00, 0x00, 0x00 }, 0x07, 0x00, (s16)0x0000, (s16)0x0000, 0x0000, D_801149D8, 0x00000001 },
    { 0x00, { 0x00, 0x00, 0x00 }, 0x07, 0x00, (s16)0x0000, (s16)0x0010, 0x0000, D_801149E0, 0x00000000 },
};

struct TileEffectRecord D_801168E0[2] = {
    { 0x00, { 0x00, 0x00, 0x00 }, 0x07, 0x00, (s16)0x0000, (s16)0x0000, 0x0000, D_801149E8, 0x00000001 },
    { 0x00, { 0x00, 0x00, 0x00 }, 0x07, 0x00, (s16)0x0000, (s16)0x0010, 0x0000, D_801149F0, 0x00000000 },
};

struct TileEffectRecord D_80116908[1] = {
    { 0x00, { 0x00, 0x00, 0x00 }, 0x07, 0x00, (s16)0x0000, (s16)0x0010, 0x0000, D_801149F8, 0x00000000 },
};

struct TileEffectRecord D_8011691C[2] = {
    { 0x00, { 0x00, 0x00, 0x00 }, 0x07, 0x00, (s16)0x0000, (s16)0x0000, 0x0000, D_80114A00, 0x00000001 },
    { 0x00, { 0x00, 0x00, 0x00 }, 0x07, 0x00, (s16)0x0000, (s16)0x0010, 0x0000, D_80114A08, 0x00000000 },
};

struct TileEffectRecord D_80116944[2] = {
    { 0x00, { 0x00, 0x00, 0x00 }, 0x07, 0x00, (s16)0x0000, (s16)0x0000, 0x0000, D_80114A10, 0x00000001 },
    { 0x00, { 0x00, 0x00, 0x00 }, 0x07, 0x00, (s16)0x0000, (s16)0x0010, 0x0000, D_80114A18, 0x00000000 },
};

struct TileEffectRecord D_8011696C[2] = {
    { 0x00, { 0x00, 0x00, 0x00 }, 0x07, 0x00, (s16)0x0000, (s16)0x0000, 0x0000, D_80114A20, 0x00000001 },
    { 0x00, { 0x00, 0x00, 0x00 }, 0x07, 0x00, (s16)0x0000, (s16)0x0010, 0x0000, D_80114A28, 0x00000000 },
};

struct TileEffectRecord D_80116994[2] = {
    { 0x00, { 0x00, 0x00, 0x00 }, 0x07, 0x00, (s16)0x0000, (s16)0x0000, 0x0000, D_80114A30, 0x00000001 },
    { 0x00, { 0x00, 0x00, 0x00 }, 0x07, 0x00, (s16)0x0000, (s16)0x0010, 0x0000, D_80114A38, 0x00000000 },
};

struct TileEffectRecord D_801169BC[2] = {
    { 0x00, { 0x00, 0x00, 0x00 }, 0x07, 0x00, (s16)0x0000, (s16)0x0000, 0x0000, D_80114A40, 0x00000001 },
    { 0x00, { 0x00, 0x00, 0x00 }, 0x07, 0x00, (s16)0x0000, (s16)0x0010, 0x0000, D_80114A48, 0x00000000 },
};

struct TileEffectRecord D_801169E4[2] = {
    { 0x00, { 0x00, 0x00, 0x00 }, 0x07, 0x00, (s16)0x0000, (s16)0x0000, 0x0000, D_80114A50, 0x00000001 },
    { 0x00, { 0x00, 0x00, 0x00 }, 0x07, 0x00, (s16)0x0000, (s16)0x0010, 0x0000, D_80114A58, 0x00000000 },
};

struct TileEffectRecord D_80116A0C[1] = {
    { 0x00, { 0x00, 0x00, 0x00 }, 0x07, 0x00, (s16)0x0000, (s16)0x0000, 0x0000, D_80114A60, 0x00000000 },
};

struct TileEffectRecord D_80116A20[2] = {
    { 0x00, { 0x00, 0x00, 0x00 }, 0x07, 0x00, (s16)0x0000, (s16)0x0000, 0x0000, D_80114A68, 0x00000001 },
    { 0x00, { 0x00, 0x00, 0x00 }, 0x07, 0x00, (s16)0x0000, (s16)0x0010, 0x0000, D_80114A70, 0x00000000 },
};

struct TileEffectRecord D_80116A48[2] = {
    { 0x00, { 0x00, 0x00, 0x00 }, 0x07, 0x00, (s16)0x0000, (s16)0x0000, 0x0000, D_80114A78, 0x00000001 },
    { 0x00, { 0x00, 0x00, 0x00 }, 0x07, 0x00, (s16)0x0000, (s16)0x0010, 0x0000, D_80114A80, 0x00000000 },
};

struct TileEffectRecord D_80116A70[2] = {
    { 0x00, { 0x00, 0x00, 0x00 }, 0x07, 0x00, (s16)0x0000, (s16)0x0000, 0x0000, D_80114A88, 0x00000001 },
    { 0x00, { 0x00, 0x00, 0x00 }, 0x07, 0x00, (s16)0x0000, (s16)0x0010, 0x0000, D_80114A90, 0x00000000 },
};

struct TileEffectRecord D_80116A98[2] = {
    { 0x00, { 0x00, 0x00, 0x00 }, 0x07, 0x00, (s16)0x0000, (s16)0x0000, 0x0000, D_80114A98, 0x00000001 },
    { 0x00, { 0x00, 0x00, 0x00 }, 0x07, 0x00, (s16)0x0000, (s16)0x0010, 0x0000, D_80114AA0, 0x00000000 },
};

struct TileEffectRecord D_80116AC0[2] = {
    { 0x00, { 0x00, 0x00, 0x00 }, 0x07, 0x00, (s16)0x0000, (s16)0x0000, 0x0000, D_80114AA8, 0x00000001 },
    { 0x00, { 0x00, 0x00, 0x00 }, 0x07, 0x00, (s16)0x0000, (s16)0x0010, 0x0000, D_80114AB0, 0x00000000 },
};

struct TileEffectRecord D_80116AE8[2] = {
    { 0x00, { 0x00, 0x00, 0x00 }, 0x07, 0x00, (s16)0x0000, (s16)0x0000, 0x0000, D_80114AB8, 0x00000001 },
    { 0x00, { 0x00, 0x00, 0x00 }, 0x07, 0x00, (s16)0x0000, (s16)0x0010, 0x0000, D_80114AC0, 0x00000000 },
};

struct TileEffectRecord D_80116B10[2] = {
    { 0x00, { 0x00, 0x00, 0x00 }, 0x07, 0x00, (s16)0x0000, (s16)0x0000, 0x0000, D_80114AC8, 0x00000001 },
    { 0x00, { 0x00, 0x00, 0x00 }, 0x07, 0x00, (s16)0x0000, (s16)0x0010, 0x0000, D_80114AD0, 0x00000000 },
};

struct TileEffectRecord D_80116B38[2] = {
    { 0x00, { 0x00, 0x00, 0x00 }, 0x07, 0x00, (s16)0x0000, (s16)0x0000, 0x0000, D_80114AD8, 0x00000001 },
    { 0x00, { 0x00, 0x00, 0x00 }, 0x07, 0x00, (s16)0x0000, (s16)0x0010, 0x0000, D_80114AE0, 0x00000000 },
};

struct TileEffectRecord D_80116B60[1] = {
    { 0x00, { 0x00, 0x00, 0x00 }, 0x07, 0x00, (s16)0x0000, (s16)0x0000, 0x0000, D_80114AE8, 0x00000000 },
};

struct TileEffectRecord D_80116B74[1] = {
    { 0x00, { 0x00, 0x00, 0x00 }, 0x07, 0x00, (s16)0x0000, (s16)0x0000, 0x0000, D_80114AF0, 0x00000000 },
};

struct TileEffectRecord D_80116B88[1] = {
    { 0x00, { 0x00, 0x00, 0x00 }, 0x07, 0x00, (s16)0x0000, (s16)0x0000, 0x0000, D_80114AF8, 0x00000000 },
};

struct TileEffectRecord D_80116B9C[3] = {
    { 0x00, { 0x00, 0x00, 0x00 }, 0x0E, 0x00, (s16)0x18D0, (s16)0x0870, 0x0000, D_80114B00, 0x00000001 },
    { 0x00, { 0x00, 0x00, 0x00 }, 0x0E, 0x00, (s16)0x18E0, (s16)0x0870, 0x0000, D_80114B10, 0x00000001 },
    { 0x00, { 0x00, 0x00, 0x00 }, 0x0E, 0x00, (s16)0x18F0, (s16)0x0870, 0x0000, D_80114B20, 0x00000000 },
};

struct TileEffectRecord D_80116BD8[4] = {
    { 0x00, { 0x00, 0x00, 0x00 }, 0x09, 0x00, (s16)0x0000, (s16)0x0000, 0x0000, D_80114B30, 0x00000001 },
    { 0x00, { 0x00, 0x00, 0x00 }, 0x09, 0x00, (s16)0x0000, (s16)0x0010, 0x0000, D_80114B38, 0x00000001 },
    { 0x00, { 0x00, 0x00, 0x00 }, 0x09, 0x00, (s16)0x0000, (s16)0x0020, 0x0000, D_80114B40, 0x00000001 },
    { 0x00, { 0x00, 0x00, 0x00 }, 0x09, 0x00, (s16)0x0000, (s16)0x0030, 0x0000, D_80114B48, 0x00000000 },
};

struct TileEffectRecord D_80116C28[4] = {
    { 0x00, { 0x00, 0x00, 0x00 }, 0x09, 0x00, (s16)0x0000, (s16)0x0000, 0x0000, D_80114B30, 0x00000001 },
    { 0x00, { 0x00, 0x00, 0x00 }, 0x09, 0x00, (s16)0x0000, (s16)0x0010, 0x0000, D_80114B38, 0x00000001 },
    { 0x00, { 0x00, 0x00, 0x00 }, 0x09, 0x00, (s16)0x0000, (s16)0x0020, 0x0000, D_80114B50, 0x00000001 },
    { 0x00, { 0x00, 0x00, 0x00 }, 0x09, 0x00, (s16)0x0000, (s16)0x0030, 0x0000, D_80114B48, 0x00000000 },
};

struct TileEffectRecord D_80116C78[9] = {
    { 0x00, { 0x00, 0x00, 0x00 }, 0x1F, 0x00, (s16)0x0000, (s16)0x0000, 0x0000, D_80114B58, 0x00000001 },
    { 0x00, { 0x00, 0x00, 0x00 }, 0x1F, 0x00, (s16)0x0000, (s16)0x0010, 0x0000, D_80114B58, 0x00000001 },
    { 0x00, { 0x00, 0x00, 0x00 }, 0x1F, 0x00, (s16)0x0000, (s16)0x0020, 0x0000, D_80114B58, 0x00000001 },
    { 0x00, { 0x00, 0x00, 0x00 }, 0x1F, 0x00, (s16)0x0000, (s16)0x0030, 0x0000, D_80114B58, 0x00000001 },
    { 0x00, { 0x00, 0x00, 0x00 }, 0x1F, 0x00, (s16)0x0000, (s16)0x0040, 0x0000, D_80114B58, 0x00000001 },
    { 0x00, { 0x00, 0x00, 0x00 }, 0x1F, 0x00, (s16)0x0000, (s16)0x0050, 0x0000, D_80114B58, 0x00000001 },
    { 0x00, { 0x00, 0x00, 0x00 }, 0x1F, 0x00, (s16)0x0000, (s16)0x0060, 0x0000, D_80114B58, 0x00000001 },
    { 0x00, { 0x00, 0x00, 0x00 }, 0x1F, 0x00, (s16)0x0000, (s16)0x0070, 0x0000, D_80114B58, 0x00000001 },
    { 0x00, { 0x00, 0x00, 0x00 }, 0x1F, 0x00, (s16)0x0000, (s16)0x0080, 0x0000, D_80114B58, 0x00000000 },
};

struct TileEffectRecord D_80116D2C[5] = {
    { 0x00, { 0x00, 0x00, 0x00 }, 0x08, 0x00, (s16)0x0000, (s16)0x0000, 0x0000, D_80114B78, 0x00000001 },
    { 0x00, { 0x00, 0x00, 0x00 }, 0x08, 0x00, (s16)0x0010, (s16)0x0000, 0x0000, D_80114B80, 0x00000001 },
    { 0x00, { 0x00, 0x00, 0x00 }, 0x09, 0x00, (s16)0x0000, (s16)0x0040, 0x0000, D_80114B88, 0x00000001 },
    { 0x00, { 0x00, 0x00, 0x00 }, 0x09, 0x00, (s16)0x0000, (s16)0x0050, 0x0000, D_80114B90, 0x00000001 },
    { 0x00, { 0x00, 0x00, 0x00 }, 0x09, 0x00, (s16)0x0000, (s16)0x0060, 0x0000, D_80114B98, 0x00000000 },
};

struct TileEffectRecord D_80116D90[3] = {
    { 0x00, { 0x00, 0x00, 0x00 }, 0x04, 0x00, (s16)0x0000, (s16)0x0000, 0x0000, D_80114BA0, 0x00000001 },
    { 0x00, { 0x00, 0x00, 0x00 }, 0x06, 0x00, (s16)0x0010, (s16)0x0000, 0x0000, D_80114BA4, 0x00000001 },
    { 0x00, { 0x00, 0x00, 0x00 }, 0x08, 0x00, (s16)0x0020, (s16)0x0000, 0x0000, D_80114BAC, 0x00000000 },
};

struct TileEffectRecord D_80116DCC[9] = {
    { 0x00, { 0x00, 0x00, 0x00 }, 0x1D, 0x00, (s16)0x0000, (s16)0x0000, 0x0000, D_80114B58, 0x00000001 },
    { 0x00, { 0x00, 0x00, 0x00 }, 0x1D, 0x00, (s16)0x0000, (s16)0x0010, 0x0000, D_80114B58, 0x00000001 },
    { 0x00, { 0x00, 0x00, 0x00 }, 0x1D, 0x00, (s16)0x0000, (s16)0x0020, 0x0000, D_80114B58, 0x00000001 },
    { 0x00, { 0x00, 0x00, 0x00 }, 0x1D, 0x00, (s16)0x0000, (s16)0x0030, 0x0000, D_80114B58, 0x00000001 },
    { 0x00, { 0x00, 0x00, 0x00 }, 0x1D, 0x00, (s16)0x0000, (s16)0x0040, 0x0000, D_80114B58, 0x00000001 },
    { 0x00, { 0x00, 0x00, 0x00 }, 0x1D, 0x00, (s16)0x0000, (s16)0x0050, 0x0000, D_80114B58, 0x00000001 },
    { 0x00, { 0x00, 0x00, 0x00 }, 0x1D, 0x00, (s16)0x0000, (s16)0x0060, 0x0000, D_80114B58, 0x00000001 },
    { 0x00, { 0x00, 0x00, 0x00 }, 0x1D, 0x00, (s16)0x0000, (s16)0x0070, 0x0000, D_80114B58, 0x00000001 },
    { 0x00, { 0x00, 0x00, 0x00 }, 0x1D, 0x00, (s16)0x0000, (s16)0x0080, 0x0000, D_80114B58, 0x00000000 },
};

struct TileEffectRecord D_80116E80[2] = {
    { 0x00, { 0x00, 0x00, 0x00 }, 0x11, 0x00, (s16)0x0000, (s16)0x0000, 0x0000, D_80114BB4, 0x00000001 },
    { 0x00, { 0x00, 0x00, 0x00 }, 0x11, 0x00, (s16)0x0000, (s16)0x0010, 0x0000, D_80114BC4, 0x00000000 },
};

struct TileEffectRecord D_80116EA8[2] = {
    { 0x00, { 0x00, 0x00, 0x00 }, 0x11, 0x00, (s16)0x0000, (s16)0x0000, 0x0000, D_80114BD4, 0x00000001 },
    { 0x00, { 0x00, 0x00, 0x00 }, 0x11, 0x00, (s16)0x0000, (s16)0x0010, 0x0000, D_80114BE4, 0x00000000 },
};

struct TileEffectRecord D_80116ED0[2] = {
    { 0x00, { 0x00, 0x00, 0x00 }, 0x11, 0x00, (s16)0x0000, (s16)0x0000, 0x0000, D_80114BF4, 0x00000001 },
    { 0x00, { 0x00, 0x00, 0x00 }, 0x11, 0x00, (s16)0x0000, (s16)0x0010, 0x0000, D_80114C04, 0x00000000 },
};

struct TileEffectRecord D_80116EF8[2] = {
    { 0x00, { 0x00, 0x00, 0x00 }, 0x0B, 0x00, (s16)0x0000, (s16)0x0000, 0x0000, D_80114BB4, 0x00000001 },
    { 0x00, { 0x00, 0x00, 0x00 }, 0x0B, 0x00, (s16)0x0000, (s16)0x0010, 0x0000, D_80114BC4, 0x00000000 },
};

struct TileEffectRecord D_80116F20[2] = {
    { 0x00, { 0x00, 0x00, 0x00 }, 0x0B, 0x00, (s16)0x0000, (s16)0x0000, 0x0000, D_80114BD4, 0x00000001 },
    { 0x00, { 0x00, 0x00, 0x00 }, 0x0B, 0x00, (s16)0x0000, (s16)0x0010, 0x0000, D_80114BE4, 0x00000000 },
};

struct TileEffectRecord D_80116F48[2] = {
    { 0x00, { 0x00, 0x00, 0x00 }, 0x0B, 0x00, (s16)0x0000, (s16)0x0000, 0x0000, D_80114BF4, 0x00000001 },
    { 0x00, { 0x00, 0x00, 0x00 }, 0x0B, 0x00, (s16)0x0000, (s16)0x0010, 0x0000, D_80114C04, 0x00000000 },
};

struct TileEffectRecord D_80116F70[6] = {
    { 0x00, { 0x00, 0x00, 0x00 }, 0x09, 0x00, (s16)0x0000, (s16)0x0010, 0x0000, D_80114C14, 0x00000001 },
    { 0x00, { 0x00, 0x00, 0x00 }, 0x09, 0x00, (s16)0x0000, (s16)0x0020, 0x0000, D_80114C14, 0x00000001 },
    { 0x00, { 0x00, 0x00, 0x00 }, 0x09, 0x00, (s16)0x0000, (s16)0x0030, 0x0000, D_80114C14, 0x00000001 },
    { 0x00, { 0x00, 0x00, 0x00 }, 0x09, 0x00, (s16)0x0000, (s16)0x0040, 0x0000, D_80114C14, 0x00000001 },
    { 0x00, { 0x00, 0x00, 0x00 }, 0x09, 0x00, (s16)0x0000, (s16)0x0050, 0x0000, D_80114C1C, 0x00000001 },
    { 0x00, { 0x00, 0x00, 0x00 }, 0x09, 0x00, (s16)0x0000, (s16)0x0060, 0x0000, D_80114C24, 0x00000000 },
};

struct TileEffectRecord D_80116FE8[6] = {
    { 0x00, { 0x00, 0x00, 0x00 }, 0x09, 0x00, (s16)0x0000, (s16)0x0010, 0x0000, D_80114C14, 0x00000001 },
    { 0x00, { 0x00, 0x00, 0x00 }, 0x09, 0x00, (s16)0x0000, (s16)0x0020, 0x0000, D_80114C14, 0x00000001 },
    { 0x00, { 0x00, 0x00, 0x00 }, 0x09, 0x00, (s16)0x0000, (s16)0x0030, 0x0000, D_80114C14, 0x00000001 },
    { 0x00, { 0x00, 0x00, 0x00 }, 0x09, 0x00, (s16)0x0000, (s16)0x0040, 0x0000, D_80114C14, 0x00000001 },
    { 0x00, { 0x00, 0x00, 0x00 }, 0x09, 0x00, (s16)0x0000, (s16)0x0050, 0x0000, D_80114C2C, 0x00000001 },
    { 0x00, { 0x00, 0x00, 0x00 }, 0x09, 0x00, (s16)0x0000, (s16)0x0060, 0x0000, D_80114C24, 0x00000000 },
};

struct TileEffectRecord D_80117060[6] = {
    { 0x00, { 0x00, 0x00, 0x00 }, 0x09, 0x00, (s16)0x0000, (s16)0x0010, 0x0000, D_80114C14, 0x00000001 },
    { 0x00, { 0x00, 0x00, 0x00 }, 0x09, 0x00, (s16)0x0000, (s16)0x0020, 0x0000, D_80114C14, 0x00000001 },
    { 0x00, { 0x00, 0x00, 0x00 }, 0x09, 0x00, (s16)0x0000, (s16)0x0030, 0x0000, D_80114C14, 0x00000001 },
    { 0x00, { 0x00, 0x00, 0x00 }, 0x09, 0x00, (s16)0x0000, (s16)0x0040, 0x0000, D_80114C14, 0x00000001 },
    { 0x00, { 0x00, 0x00, 0x00 }, 0x09, 0x00, (s16)0x0000, (s16)0x0050, 0x0000, D_80114C34, 0x00000001 },
    { 0x00, { 0x00, 0x00, 0x00 }, 0x09, 0x00, (s16)0x0000, (s16)0x0060, 0x0000, D_80114C24, 0x00000000 },
};

struct TileEffectRecord D_801170D8[2] = {
    { 0x00, { 0x00, 0x00, 0x00 }, 0x0C, 0x00, (s16)0x0000, (s16)0x0000, 0x0000, D_80114C3C, 0x00000001 },
    { 0x00, { 0x00, 0x00, 0x00 }, 0x0C, 0x00, (s16)0x0010, (s16)0x0000, 0x0000, D_80114C48, 0x00000000 },
};

struct TileEffectRecord D_80117100[2] = {
    { 0x00, { 0x00, 0x00, 0x00 }, 0x10, 0x00, (s16)0x0000, (s16)0x0020, 0x0000, D_80114C68, 0x00000001 },
    { 0x00, { 0x00, 0x00, 0x00 }, 0x14, 0x00, (s16)0x0010, (s16)0x0000, 0x0000, D_80114C54, 0x00000000 },
};

struct TileEffectRecord D_80117128[3] = {
    { 0x00, { 0x00, 0x00, 0x00 }, 0x09, 0x00, (s16)0x0000, (s16)0x0000, 0x0000, D_80114C78, 0x00000001 },
    { 0x00, { 0x00, 0x00, 0x00 }, 0x09, 0x00, (s16)0x0000, (s16)0x0010, 0x0000, D_80114C78, 0x00000001 },
    { 0x00, { 0x00, 0x00, 0x00 }, 0x09, 0x00, (s16)0x0000, (s16)0x0020, 0x0000, D_80114C78, 0x00000000 },
};

struct TileEffectRecord D_80117164[3] = {
    { 0x00, { 0x00, 0x00, 0x00 }, 0x29, 0x00, (s16)0x1200, (s16)0x02E0, 0x0000, D_80114C80, 0x00000001 },
    { 0x00, { 0x00, 0x00, 0x00 }, 0x29, 0x00, (s16)0x1200, (s16)0x02F0, 0x0000, D_80114CA8, 0x00000001 },
    { 0x00, { 0x00, 0x00, 0x00 }, 0x29, 0x00, (s16)0x1200, (s16)0x0300, 0x0000, D_80114CD0, 0x00000000 },
};

struct TileEffectRecord D_801171A0[3] = {
    { 0x00, { 0x00, 0x00, 0x00 }, 0x08, 0x00, (s16)0x0000, (s16)0x0000, 0x0000, D_80114CF8, 0x00000001 },
    { 0x00, { 0x00, 0x00, 0x00 }, 0x08, 0x00, (s16)0x0010, (s16)0x0000, 0x0000, D_80114D00, 0x00000001 },
    { 0x00, { 0x00, 0x00, 0x00 }, 0x08, 0x00, (s16)0x0020, (s16)0x0000, 0x0000, D_80114D08, 0x00000000 },
};

struct TileEffectRecord D_801171DC[3] = {
    { 0x00, { 0x00, 0x00, 0x00 }, 0x08, 0x00, (s16)0x0000, (s16)0x0000, 0x0000, D_80114D10, 0x00000001 },
    { 0x00, { 0x00, 0x00, 0x00 }, 0x08, 0x00, (s16)0x0010, (s16)0x0000, 0x0000, D_80114D18, 0x00000001 },
    { 0x00, { 0x00, 0x00, 0x00 }, 0x08, 0x00, (s16)0x0020, (s16)0x0000, 0x0000, D_80114D20, 0x00000000 },
};

struct TileEffectRecord D_80117218[8] = {
    { 0x00, { 0x00, 0x00, 0x00 }, 0x18, 0x00, (s16)0x0000, (s16)0x0000, 0x0000, D_80114D44, 0x00000001 },
    { 0x00, { 0x00, 0x00, 0x00 }, 0x18, 0x00, (s16)0x0010, (s16)0x0000, 0x0000, D_80114D28, 0x00000001 },
    { 0x00, { 0x00, 0x00, 0x00 }, 0x1A, 0x00, (s16)0x0020, (s16)0x0000, 0x0000, D_80114D28, 0x00000001 },
    { 0x00, { 0x00, 0x00, 0x00 }, 0x1A, 0x00, (s16)0x0030, (s16)0x0000, 0x0000, D_80114D28, 0x00000001 },
    { 0x00, { 0x00, 0x00, 0x00 }, 0x1A, 0x00, (s16)0x0040, (s16)0x0000, 0x0000, D_80114D28, 0x00000001 },
    { 0x00, { 0x00, 0x00, 0x00 }, 0x1A, 0x00, (s16)0x0050, (s16)0x0000, 0x0000, D_80114D28, 0x00000001 },
    { 0x00, { 0x00, 0x00, 0x00 }, 0x18, 0x00, (s16)0x0060, (s16)0x0000, 0x0000, D_80114D28, 0x00000001 },
    { 0x00, { 0x00, 0x00, 0x00 }, 0x18, 0x00, (s16)0x0070, (s16)0x0000, 0x0000, D_80114D5C, 0x00000000 },
};

struct TileEffectRecord D_801172B8[8] = {
    { 0x00, { 0x00, 0x00, 0x00 }, 0x18, 0x00, (s16)0x0000, (s16)0x0000, 0x0000, D_80114D74, 0x00000001 },
    { 0x00, { 0x00, 0x00, 0x00 }, 0x18, 0x00, (s16)0x0010, (s16)0x0000, 0x0000, D_80114D28, 0x00000001 },
    { 0x00, { 0x00, 0x00, 0x00 }, 0x1A, 0x00, (s16)0x0020, (s16)0x0000, 0x0000, D_80114D28, 0x00000001 },
    { 0x00, { 0x00, 0x00, 0x00 }, 0x1A, 0x00, (s16)0x0030, (s16)0x0000, 0x0000, D_80114D28, 0x00000001 },
    { 0x00, { 0x00, 0x00, 0x00 }, 0x1A, 0x00, (s16)0x0040, (s16)0x0000, 0x0000, D_80114D28, 0x00000001 },
    { 0x00, { 0x00, 0x00, 0x00 }, 0x1A, 0x00, (s16)0x0050, (s16)0x0000, 0x0000, D_80114D28, 0x00000001 },
    { 0x00, { 0x00, 0x00, 0x00 }, 0x18, 0x00, (s16)0x0060, (s16)0x0000, 0x0000, D_80114D28, 0x00000001 },
    { 0x00, { 0x00, 0x00, 0x00 }, 0x18, 0x00, (s16)0x0070, (s16)0x0000, 0x0000, D_80114D8C, 0x00000000 },
};

struct TileEffectRecord D_80117358[8] = {
    { 0x00, { 0x00, 0x00, 0x00 }, 0x18, 0x00, (s16)0x0000, (s16)0x0000, 0x0000, D_80114DA4, 0x00000001 },
    { 0x00, { 0x00, 0x00, 0x00 }, 0x18, 0x00, (s16)0x0010, (s16)0x0000, 0x0000, D_80114D28, 0x00000001 },
    { 0x00, { 0x00, 0x00, 0x00 }, 0x1A, 0x00, (s16)0x0020, (s16)0x0000, 0x0000, D_80114D28, 0x00000001 },
    { 0x00, { 0x00, 0x00, 0x00 }, 0x1A, 0x00, (s16)0x0030, (s16)0x0000, 0x0000, D_80114D28, 0x00000001 },
    { 0x00, { 0x00, 0x00, 0x00 }, 0x1A, 0x00, (s16)0x0040, (s16)0x0000, 0x0000, D_80114D28, 0x00000001 },
    { 0x00, { 0x00, 0x00, 0x00 }, 0x1A, 0x00, (s16)0x0050, (s16)0x0000, 0x0000, D_80114D28, 0x00000001 },
    { 0x00, { 0x00, 0x00, 0x00 }, 0x18, 0x00, (s16)0x0060, (s16)0x0000, 0x0000, D_80114D28, 0x00000001 },
    { 0x00, { 0x00, 0x00, 0x00 }, 0x18, 0x00, (s16)0x0070, (s16)0x0000, 0x0000, D_80114DBC, 0x00000000 },
};

struct TileEffectRecord D_801173F8[8] = {
    { 0x00, { 0x00, 0x00, 0x00 }, 0x18, 0x00, (s16)0x0000, (s16)0x0000, 0x0000, D_80114DD4, 0x00000001 },
    { 0x00, { 0x00, 0x00, 0x00 }, 0x18, 0x00, (s16)0x0010, (s16)0x0000, 0x0000, D_80114D28, 0x00000001 },
    { 0x00, { 0x00, 0x00, 0x00 }, 0x1A, 0x00, (s16)0x0020, (s16)0x0000, 0x0000, D_80114D28, 0x00000001 },
    { 0x00, { 0x00, 0x00, 0x00 }, 0x1A, 0x00, (s16)0x0030, (s16)0x0000, 0x0000, D_80114D28, 0x00000001 },
    { 0x00, { 0x00, 0x00, 0x00 }, 0x1A, 0x00, (s16)0x0040, (s16)0x0000, 0x0000, D_80114D28, 0x00000001 },
    { 0x00, { 0x00, 0x00, 0x00 }, 0x1A, 0x00, (s16)0x0050, (s16)0x0000, 0x0000, D_80114D28, 0x00000001 },
    { 0x00, { 0x00, 0x00, 0x00 }, 0x18, 0x00, (s16)0x0060, (s16)0x0000, 0x0000, D_80114D28, 0x00000001 },
    { 0x00, { 0x00, 0x00, 0x00 }, 0x14, 0x00, (s16)0x0070, (s16)0x0000, 0x0000, D_80114DEC, 0x00000000 },
};

struct TileEffectRecord D_80117498[8] = {
    { 0x00, { 0x00, 0x00, 0x00 }, 0x14, 0x00, (s16)0x0000, (s16)0x0000, 0x0000, D_80114E00, 0x00000001 },
    { 0x00, { 0x00, 0x00, 0x00 }, 0x16, 0x00, (s16)0x0010, (s16)0x0000, 0x0000, D_80114D28, 0x00000001 },
    { 0x00, { 0x00, 0x00, 0x00 }, 0x18, 0x00, (s16)0x0020, (s16)0x0000, 0x0000, D_80114D28, 0x00000001 },
    { 0x00, { 0x00, 0x00, 0x00 }, 0x18, 0x00, (s16)0x0030, (s16)0x0000, 0x0000, D_80114D28, 0x00000001 },
    { 0x00, { 0x00, 0x00, 0x00 }, 0x18, 0x00, (s16)0x0040, (s16)0x0000, 0x0000, D_80114D28, 0x00000001 },
    { 0x00, { 0x00, 0x00, 0x00 }, 0x18, 0x00, (s16)0x0050, (s16)0x0000, 0x0000, D_80114D28, 0x00000001 },
    { 0x00, { 0x00, 0x00, 0x00 }, 0x16, 0x00, (s16)0x0060, (s16)0x0000, 0x0000, D_80114D28, 0x00000001 },
    { 0x00, { 0x00, 0x00, 0x00 }, 0x16, 0x00, (s16)0x0070, (s16)0x0000, 0x0000, D_80114E14, 0x00000000 },
};

struct TileEffectRecord D_80117538[8] = {
    { 0x00, { 0x00, 0x00, 0x00 }, 0x16, 0x00, (s16)0x0000, (s16)0x0000, 0x0000, D_80114E2C, 0x00000001 },
    { 0x00, { 0x00, 0x00, 0x00 }, 0x16, 0x00, (s16)0x0010, (s16)0x0000, 0x0000, D_80114D28, 0x00000001 },
    { 0x00, { 0x00, 0x00, 0x00 }, 0x18, 0x00, (s16)0x0020, (s16)0x0000, 0x0000, D_80114D28, 0x00000001 },
    { 0x00, { 0x00, 0x00, 0x00 }, 0x18, 0x00, (s16)0x0030, (s16)0x0000, 0x0000, D_80114D28, 0x00000001 },
    { 0x00, { 0x00, 0x00, 0x00 }, 0x18, 0x00, (s16)0x0040, (s16)0x0000, 0x0000, D_80114D28, 0x00000001 },
    { 0x00, { 0x00, 0x00, 0x00 }, 0x18, 0x00, (s16)0x0050, (s16)0x0000, 0x0000, D_80114D28, 0x00000001 },
    { 0x00, { 0x00, 0x00, 0x00 }, 0x16, 0x00, (s16)0x0060, (s16)0x0000, 0x0000, D_80114D28, 0x00000001 },
    { 0x00, { 0x00, 0x00, 0x00 }, 0x16, 0x00, (s16)0x0070, (s16)0x0000, 0x0000, D_80114E44, 0x00000000 },
};

struct TileEffectRecord D_801175D8[5] = {
    { 0x00, { 0x00, 0x00, 0x00 }, 0x09, 0x00, (s16)0x0000, (s16)0x0000, 0x0000, D_80114E5C, 0x00000001 },
    { 0x00, { 0x00, 0x00, 0x00 }, 0x09, 0x00, (s16)0x0000, (s16)0x0010, 0x0000, D_80114E64, 0x00000001 },
    { 0x00, { 0x00, 0x00, 0x00 }, 0x09, 0x00, (s16)0x0000, (s16)0x0020, 0x0000, D_80114E6C, 0x00000001 },
    { 0x00, { 0x00, 0x00, 0x00 }, 0x09, 0x00, (s16)0x0000, (s16)0x0030, 0x0000, D_80114E74, 0x00000001 },
    { 0x00, { 0x00, 0x00, 0x00 }, 0x09, 0x00, (s16)0x0000, (s16)0x0040, 0x0000, D_80114E7C, 0x00000000 },
};

struct TileEffectRecord D_8011763C[5] = {
    { 0x00, { 0x00, 0x00, 0x00 }, 0x09, 0x00, (s16)0x0000, (s16)0x0000, 0x0000, D_80114E5C, 0x00000001 },
    { 0x00, { 0x00, 0x00, 0x00 }, 0x09, 0x00, (s16)0x0000, (s16)0x0010, 0x0000, D_80114E5C, 0x00000001 },
    { 0x00, { 0x00, 0x00, 0x00 }, 0x09, 0x00, (s16)0x0000, (s16)0x0020, 0x0000, D_80114E5C, 0x00000001 },
    { 0x00, { 0x00, 0x00, 0x00 }, 0x09, 0x00, (s16)0x0000, (s16)0x0030, 0x0000, D_80114E5C, 0x00000001 },
    { 0x00, { 0x00, 0x00, 0x00 }, 0x09, 0x00, (s16)0x0000, (s16)0x0040, 0x0000, D_80114E5C, 0x00000000 },
};

struct TileEffectRecord D_801176A0[5] = {
    { 0x00, { 0x00, 0x00, 0x00 }, 0x09, 0x00, (s16)0x0000, (s16)0x0000, 0x0000, D_80114E5C, 0x00000001 },
    { 0x00, { 0x00, 0x00, 0x00 }, 0x09, 0x00, (s16)0x0000, (s16)0x0010, 0x0000, D_80114E5C, 0x00000001 },
    { 0x00, { 0x00, 0x00, 0x00 }, 0x09, 0x00, (s16)0x0000, (s16)0x0020, 0x0000, D_80114E5C, 0x00000001 },
    { 0x00, { 0x00, 0x00, 0x00 }, 0x09, 0x00, (s16)0x0000, (s16)0x0030, 0x0000, D_80114E84, 0x00000001 },
    { 0x00, { 0x00, 0x00, 0x00 }, 0x09, 0x00, (s16)0x0000, (s16)0x0040, 0x0000, D_80114E8C, 0x00000000 },
};

struct TileEffectRecord D_80117704[3] = {
    { 0x00, { 0x00, 0x00, 0x00 }, 0x09, 0x00, (s16)0x0000, (s16)0x0000, 0x0000, D_80114E5C, 0x00000001 },
    { 0x00, { 0x00, 0x00, 0x00 }, 0x09, 0x00, (s16)0x0000, (s16)0x0010, 0x0000, D_80114E5C, 0x00000001 },
    { 0x00, { 0x00, 0x00, 0x00 }, 0x09, 0x00, (s16)0x0000, (s16)0x0020, 0x0000, D_80114E5C, 0x00000000 },
};

struct TileEffectRecord D_80117740[3] = {
    { 0x00, { 0x00, 0x00, 0x00 }, 0x0D, 0x00, (s16)0x0000, (s16)0x0000, 0x0000, D_80114E94, 0x00000001 },
    { 0x00, { 0x00, 0x00, 0x00 }, 0x0D, 0x00, (s16)0x0000, (s16)0x0010, 0x0000, D_80114EA0, 0x00000001 },
    { 0x00, { 0x00, 0x00, 0x00 }, 0x0D, 0x00, (s16)0x0000, (s16)0x0020, 0x0000, D_80114EAC, 0x00000000 },
};

struct TileEffectRecord D_8011777C[2] = {
    { 0x00, { 0x00, 0x00, 0x00 }, 0x08, 0x00, (s16)0x0000, (s16)0x0000, 0x0000, D_80114EB8, 0x00000001 },
    { 0x00, { 0x00, 0x00, 0x00 }, 0x08, 0x00, (s16)0x0010, (s16)0x0000, 0x0000, D_80114EC0, 0x00000000 },
};

struct TileEffectRecord D_801177A4[6] = {
    { 0x00, { 0x00, 0x00, 0x00 }, 0x07, 0x00, (s16)0x0000, (s16)0x0000, 0x0000, D_80114EC8, 0x00000001 },
    { 0x00, { 0x00, 0x00, 0x00 }, 0x0B, 0x00, (s16)0x0000, (s16)0x0010, 0x0000, D_80114ED4, 0x00000001 },
    { 0x00, { 0x00, 0x00, 0x00 }, 0x0B, 0x00, (s16)0x0000, (s16)0x0020, 0x0000, D_80114EE0, 0x00000001 },
    { 0x00, { 0x00, 0x00, 0x00 }, 0x0B, 0x00, (s16)0x0000, (s16)0x0030, 0x0000, D_80114EEC, 0x00000001 },
    { 0x00, { 0x00, 0x00, 0x00 }, 0x0B, 0x00, (s16)0x0000, (s16)0x0040, 0x0000, D_80114EF8, 0x00000001 },
    { 0x00, { 0x00, 0x00, 0x00 }, 0x0B, 0x00, (s16)0x0000, (s16)0x0050, 0x0000, D_80114F04, 0x00000000 },
};

struct TileEffectRecord D_8011781C[12] = {
    { 0x00, { 0x00, 0x00, 0x00 }, 0x09, 0x00, (s16)0x0000, (s16)0x0000, 0x0000, D_80114F10, 0x00000001 },
    { 0x00, { 0x00, 0x00, 0x00 }, 0x09, 0x00, (s16)0x0000, (s16)0x0010, 0x0000, D_80114F18, 0x00000001 },
    { 0x00, { 0x00, 0x00, 0x00 }, 0x09, 0x00, (s16)0x0000, (s16)0x0020, 0x0000, D_80114F20, 0x00000001 },
    { 0x00, { 0x00, 0x00, 0x00 }, 0x09, 0x00, (s16)0x0040, (s16)0x0000, 0x0000, D_80114F10, 0x00000001 },
    { 0x00, { 0x00, 0x00, 0x00 }, 0x09, 0x00, (s16)0x0040, (s16)0x0010, 0x0000, D_80114F18, 0x00000001 },
    { 0x00, { 0x00, 0x00, 0x00 }, 0x09, 0x00, (s16)0x0040, (s16)0x0020, 0x0000, D_80114F20, 0x00000001 },
    { 0x00, { 0x00, 0x00, 0x00 }, 0x05, 0x00, (s16)0x0080, (s16)0x0000, 0x0000, D_80114F10, 0x00000001 },
    { 0x00, { 0x00, 0x00, 0x00 }, 0x05, 0x00, (s16)0x0080, (s16)0x0010, 0x0000, D_80114F18, 0x00000001 },
    { 0x00, { 0x00, 0x00, 0x00 }, 0x05, 0x00, (s16)0x0080, (s16)0x0020, 0x0000, D_80114F20, 0x00000001 },
    { 0x00, { 0x00, 0x00, 0x00 }, 0x07, 0x00, (s16)0x00A0, (s16)0x0000, 0x0000, D_80114F10 + 1, 0x00000001 },
    { 0x00, { 0x00, 0x00, 0x00 }, 0x07, 0x00, (s16)0x00A0, (s16)0x0010, 0x0000, D_80114F18 + 1, 0x00000001 },
    { 0x00, { 0x00, 0x00, 0x00 }, 0x07, 0x00, (s16)0x00A0, (s16)0x0020, 0x0000, D_80114F20 + 1, 0x00000000 },
};

struct TileEffectRecord D_8011790C[6] = {
    { 0x00, { 0x00, 0x00, 0x00 }, 0x0B, 0x00, (s16)0x0000, (s16)0x0000, 0x0000, D_80114EC8, 0x00000001 },
    { 0x00, { 0x00, 0x00, 0x00 }, 0x0B, 0x00, (s16)0x0000, (s16)0x0010, 0x0000, D_80114ED4, 0x00000001 },
    { 0x00, { 0x00, 0x00, 0x00 }, 0x0B, 0x00, (s16)0x0000, (s16)0x0020, 0x0000, D_80114EE0, 0x00000001 },
    { 0x00, { 0x00, 0x00, 0x00 }, 0x0B, 0x00, (s16)0x0000, (s16)0x0030, 0x0000, D_80114EEC, 0x00000001 },
    { 0x00, { 0x00, 0x00, 0x00 }, 0x0B, 0x00, (s16)0x0000, (s16)0x0040, 0x0000, D_80114EF8, 0x00000001 },
    { 0x00, { 0x00, 0x00, 0x00 }, 0x0B, 0x00, (s16)0x0000, (s16)0x0050, 0x0000, D_80114F04, 0x00000000 },
};

struct TileEffectRecord D_80117984[3] = {
    { 0x00, { 0x00, 0x00, 0x00 }, 0x09, 0x00, (s16)0x0000, (s16)0x0000, 0x0000, D_80114F10, 0x00000001 },
    { 0x00, { 0x00, 0x00, 0x00 }, 0x09, 0x00, (s16)0x0000, (s16)0x0010, 0x0000, D_80114F18, 0x00000001 },
    { 0x00, { 0x00, 0x00, 0x00 }, 0x09, 0x00, (s16)0x0000, (s16)0x0020, 0x0000, D_80114F20, 0x00000000 },
};

struct TileEffectRecord D_801179C0[2] = {
    { 0x00, { 0x00, 0x00, 0x00 }, 0x08, 0x00, (s16)0x0000, (s16)0x0000, 0x0000, D_80114F28, 0x00000001 },
    { 0x00, { 0x00, 0x00, 0x00 }, 0x08, 0x00, (s16)0x0010, (s16)0x0000, 0x0000, D_80114F28, 0x00000000 },
};

struct TileEffectRecord D_801179E8[6] = {
    { 0x00, { 0x00, 0x00, 0x00 }, 0x07, 0x00, (s16)0x0000, (s16)0x0000, 0x0000, D_80114F28, 0x00000001 },
    { 0x00, { 0x00, 0x00, 0x00 }, 0x0B, 0x00, (s16)0x0000, (s16)0x0010, 0x0000, D_80114F28, 0x00000001 },
    { 0x00, { 0x00, 0x00, 0x00 }, 0x0B, 0x00, (s16)0x0000, (s16)0x0020, 0x0000, D_80114F28, 0x00000001 },
    { 0x00, { 0x00, 0x00, 0x00 }, 0x0B, 0x00, (s16)0x0000, (s16)0x0030, 0x0000, D_80114F28, 0x00000001 },
    { 0x00, { 0x00, 0x00, 0x00 }, 0x0B, 0x00, (s16)0x0000, (s16)0x0040, 0x0000, D_80114F28, 0x00000001 },
    { 0x00, { 0x00, 0x00, 0x00 }, 0x0B, 0x00, (s16)0x0000, (s16)0x0050, 0x0000, D_80114F28, 0x00000000 },
};

struct TileEffectRecord D_80117A60[12] = {
    { 0x00, { 0x00, 0x00, 0x00 }, 0x09, 0x00, (s16)0x0000, (s16)0x0000, 0x0000, D_80114F28, 0x00000001 },
    { 0x00, { 0x00, 0x00, 0x00 }, 0x09, 0x00, (s16)0x0000, (s16)0x0010, 0x0000, D_80114F28, 0x00000001 },
    { 0x00, { 0x00, 0x00, 0x00 }, 0x09, 0x00, (s16)0x0000, (s16)0x0020, 0x0000, D_80114F28, 0x00000001 },
    { 0x00, { 0x00, 0x00, 0x00 }, 0x09, 0x00, (s16)0x0040, (s16)0x0000, 0x0000, D_80114F28, 0x00000001 },
    { 0x00, { 0x00, 0x00, 0x00 }, 0x09, 0x00, (s16)0x0040, (s16)0x0010, 0x0000, D_80114F28, 0x00000001 },
    { 0x00, { 0x00, 0x00, 0x00 }, 0x09, 0x00, (s16)0x0040, (s16)0x0020, 0x0000, D_80114F28, 0x00000001 },
    { 0x00, { 0x00, 0x00, 0x00 }, 0x05, 0x00, (s16)0x0080, (s16)0x0000, 0x0000, D_80114F28, 0x00000001 },
    { 0x00, { 0x00, 0x00, 0x00 }, 0x05, 0x00, (s16)0x0080, (s16)0x0010, 0x0000, D_80114F28, 0x00000001 },
    { 0x00, { 0x00, 0x00, 0x00 }, 0x05, 0x00, (s16)0x0080, (s16)0x0020, 0x0000, D_80114F28, 0x00000001 },
    { 0x00, { 0x00, 0x00, 0x00 }, 0x07, 0x00, (s16)0x00A0, (s16)0x0000, 0x0000, D_80114F28, 0x00000001 },
    { 0x00, { 0x00, 0x00, 0x00 }, 0x07, 0x00, (s16)0x00A0, (s16)0x0010, 0x0000, D_80114F28, 0x00000001 },
    { 0x00, { 0x00, 0x00, 0x00 }, 0x07, 0x00, (s16)0x00A0, (s16)0x0020, 0x0000, D_80114F28, 0x00000000 },
};

struct TileEffectRecord D_80117B50[6] = {
    { 0x00, { 0x00, 0x00, 0x00 }, 0x0B, 0x00, (s16)0x0000, (s16)0x0000, 0x0000, D_80114F28, 0x00000001 },
    { 0x00, { 0x00, 0x00, 0x00 }, 0x0B, 0x00, (s16)0x0000, (s16)0x0010, 0x0000, D_80114F28, 0x00000001 },
    { 0x00, { 0x00, 0x00, 0x00 }, 0x0B, 0x00, (s16)0x0000, (s16)0x0020, 0x0000, D_80114F28, 0x00000001 },
    { 0x00, { 0x00, 0x00, 0x00 }, 0x0B, 0x00, (s16)0x0000, (s16)0x0030, 0x0000, D_80114F28, 0x00000001 },
    { 0x00, { 0x00, 0x00, 0x00 }, 0x0B, 0x00, (s16)0x0000, (s16)0x0040, 0x0000, D_80114F28, 0x00000001 },
    { 0x00, { 0x00, 0x00, 0x00 }, 0x0B, 0x00, (s16)0x0000, (s16)0x0050, 0x0000, D_80114F28, 0x00000000 },
};

struct TileEffectRecord D_80117BC8[3] = {
    { 0x00, { 0x00, 0x00, 0x00 }, 0x09, 0x00, (s16)0x0000, (s16)0x0000, 0x0000, D_80114F28, 0x00000001 },
    { 0x00, { 0x00, 0x00, 0x00 }, 0x09, 0x00, (s16)0x0000, (s16)0x0010, 0x0000, D_80114F28, 0x00000001 },
    { 0x00, { 0x00, 0x00, 0x00 }, 0x09, 0x00, (s16)0x0000, (s16)0x0020, 0x0000, D_80114F28, 0x00000000 },
};

struct TileEffectRecord D_80117C04[2] = {
    { 0x00, { 0x00, 0x00, 0x00 }, 0x07, 0x00, (s16)0x0000, (s16)0x0000, 0x0000, D_80114F44, 0x00000001 },
    { 0x00, { 0x00, 0x00, 0x00 }, 0x07, 0x00, (s16)0x0000, (s16)0x0010, 0x0000, D_80114F44, 0x00000000 },
};

struct TileEffectRecord D_80117C2C[2] = {
    { 0x00, { 0x00, 0x00, 0x00 }, 0x07, 0x00, (s16)0x0000, (s16)0x0000, 0x0000, D_80114F4C, 0x00000001 },
    { 0x00, { 0x00, 0x00, 0x00 }, 0x07, 0x00, (s16)0x0000, (s16)0x0010, 0x0000, D_80114F4C, 0x00000000 },
};

struct TileEffectRecord D_80117C54[3] = {
    { 0x02, { 0x00, 0x00, 0x00 }, 0x07, 0x00, (s16)0x0010, (s16)0x0000, 0x0000, D_80114F54, 0x00000001 },
    { 0x02, { 0x00, 0x00, 0x00 }, 0x0B, 0x00, (s16)0x0000, (s16)0x0010, 0x0000, D_80114F5C, 0x00000001 },
    { 0x02, { 0x00, 0x00, 0x00 }, 0x0B, 0x00, (s16)0x0000, (s16)0x0020, 0x0000, D_80114F68, 0x00000000 },
};

struct TileEffectRecord D_80117C90[3] = {
    { 0x02, { 0x00, 0x00, 0x00 }, 0x07, 0x00, (s16)0x0010, (s16)0x0000, 0x0000, D_80114F74, 0x00000001 },
    { 0x02, { 0x00, 0x00, 0x00 }, 0x0B, 0x00, (s16)0x0000, (s16)0x0010, 0x0000, D_80114F7C, 0x00000001 },
    { 0x02, { 0x00, 0x00, 0x00 }, 0x0B, 0x00, (s16)0x0000, (s16)0x0020, 0x0000, D_80114F88, 0x00000000 },
};

struct TileEffectRecord D_80117CCC[3] = {
    { 0x02, { 0x00, 0x00, 0x00 }, 0x07, 0x00, (s16)0x0010, (s16)0x0000, 0x0000, D_80114F94, 0x00000001 },
    { 0x02, { 0x00, 0x00, 0x00 }, 0x0B, 0x00, (s16)0x0000, (s16)0x0010, 0x0000, D_80114F9C, 0x00000001 },
    { 0x02, { 0x00, 0x00, 0x00 }, 0x0B, 0x00, (s16)0x0000, (s16)0x0020, 0x0000, D_80114FA8, 0x00000000 },
};

struct TileEffectRecord D_80117D08[4] = {
    { 0x02, { 0x00, 0x00, 0x00 }, 0x09, 0x00, (s16)0x0020, (s16)0x0000, 0x0000, D_80114FB4, 0x00000001 },
    { 0x02, { 0x00, 0x00, 0x00 }, 0x0D, 0x00, (s16)0x0010, (s16)0x0010, 0x0000, D_80114FBC, 0x00000001 },
    { 0x02, { 0x00, 0x00, 0x00 }, 0x0D, 0x00, (s16)0x0010, (s16)0x0020, 0x0000, D_80114FC8, 0x00000001 },
    { 0x02, { 0x00, 0x00, 0x00 }, 0x11, 0x00, (s16)0x0000, (s16)0x0030, 0x0000, D_80114FD4, 0x00000000 },
};

struct TileEffectRecord D_80117D58[4] = {
    { 0x02, { 0x00, 0x00, 0x00 }, 0x09, 0x00, (s16)0x0020, (s16)0x0000, 0x0000, D_80114FE4, 0x00000001 },
    { 0x02, { 0x00, 0x00, 0x00 }, 0x0D, 0x00, (s16)0x0010, (s16)0x0010, 0x0000, D_80114FEC, 0x00000001 },
    { 0x02, { 0x00, 0x00, 0x00 }, 0x0D, 0x00, (s16)0x0010, (s16)0x0020, 0x0000, D_80114FF8, 0x00000001 },
    { 0x02, { 0x00, 0x00, 0x00 }, 0x11, 0x00, (s16)0x0000, (s16)0x0030, 0x0000, D_80115004, 0x00000000 },
};

struct TileEffectRecord D_80117DA8[4] = {
    { 0x02, { 0x00, 0x00, 0x00 }, 0x09, 0x00, (s16)0x0020, (s16)0x0000, 0x0000, D_80115014, 0x00000001 },
    { 0x02, { 0x00, 0x00, 0x00 }, 0x0D, 0x00, (s16)0x0010, (s16)0x0010, 0x0000, D_8011501C, 0x00000001 },
    { 0x02, { 0x00, 0x00, 0x00 }, 0x0D, 0x00, (s16)0x0010, (s16)0x0020, 0x0000, D_80115028, 0x00000001 },
    { 0x02, { 0x00, 0x00, 0x00 }, 0x11, 0x00, (s16)0x0000, (s16)0x0030, 0x0000, D_80115034, 0x00000000 },
};

struct TileEffectRecord D_80117DF8[2] = {
    { 0x02, { 0x00, 0x00, 0x00 }, 0x10, 0x00, (s16)0x0000, (s16)0x0000, 0x0000, D_80115044, 0x00000001 },
    { 0x02, { 0x00, 0x00, 0x00 }, 0x10, 0x00, (s16)0x0010, (s16)0x0000, 0x0000, D_80115054, 0x00000000 },
};

struct TileEffectRecord D_80117E20[2] = {
    { 0x02, { 0x00, 0x00, 0x00 }, 0x10, 0x00, (s16)0x0000, (s16)0x0000, 0x0000, D_80115064, 0x00000001 },
    { 0x02, { 0x00, 0x00, 0x00 }, 0x10, 0x00, (s16)0x0010, (s16)0x0000, 0x0000, D_80115074, 0x00000000 },
};

struct TileEffectRecord D_80117E48[2] = {
    { 0x02, { 0x00, 0x00, 0x00 }, 0x10, 0x00, (s16)0x0000, (s16)0x0000, 0x0000, D_80115084, 0x00000001 },
    { 0x02, { 0x00, 0x00, 0x00 }, 0x10, 0x00, (s16)0x0010, (s16)0x0000, 0x0000, D_80115094, 0x00000000 },
};

struct TileEffectRecord D_80117E70[2] = {
    { 0x02, { 0x00, 0x00, 0x00 }, 0x10, 0x00, (s16)0x0000, (s16)0x0000, 0x0000, D_801150A4, 0x00000001 },
    { 0x02, { 0x00, 0x00, 0x00 }, 0x10, 0x00, (s16)0x0010, (s16)0x0000, 0x0000, D_801150B4, 0x00000000 },
};

struct TileEffectRecord D_80117E98[4] = {
    { 0x00, { 0x00, 0x00, 0x00 }, 0x09, 0x00, (s16)0x0000, (s16)0x0000, 0x0000, D_801150C4, 0x00000001 },
    { 0x00, { 0x00, 0x00, 0x00 }, 0x09, 0x00, (s16)0x0000, (s16)0x0010, 0x0000, D_801150C4, 0x00000001 },
    { 0x00, { 0x00, 0x00, 0x00 }, 0x09, 0x00, (s16)0x0000, (s16)0x0020, 0x0000, D_801150C4, 0x00000001 },
    { 0x00, { 0x00, 0x00, 0x00 }, 0x09, 0x00, (s16)0x0000, (s16)0x0030, 0x0000, D_801150C4, 0x00000000 },
};

struct TileEffectRecord D_80117EE8[6] = {
    { 0x00, { 0x00, 0x00, 0x00 }, 0x09, 0x00, (s16)0x0010, (s16)0x0000, 0x0000, D_801150CC, 0x00000001 },
    { 0x00, { 0x00, 0x00, 0x00 }, 0x0D, 0x00, (s16)0x0000, (s16)0x0010, 0x0000, D_801150D4, 0x00000001 },
    { 0x00, { 0x00, 0x00, 0x00 }, 0x0D, 0x00, (s16)0x0000, (s16)0x0020, 0x0000, D_801150E0, 0x00000001 },
    { 0x00, { 0x00, 0x00, 0x00 }, 0x0D, 0x00, (s16)0x0000, (s16)0x0030, 0x0000, D_801150EC, 0x00000001 },
    { 0x00, { 0x00, 0x00, 0x00 }, 0x0D, 0x00, (s16)0x0000, (s16)0x0040, 0x0000, D_801150F8, 0x00000001 },
    { 0x00, { 0x00, 0x00, 0x00 }, 0x09, 0x00, (s16)0x0010, (s16)0x0050, 0x0000, D_80115104, 0x00000000 },
};

struct TileEffectRecord D_80117F60[6] = {
    { 0x00, { 0x00, 0x00, 0x00 }, 0x09, 0x00, (s16)0x0010, (s16)0x0000, 0x0000, D_8011510C, 0x00000001 },
    { 0x00, { 0x00, 0x00, 0x00 }, 0x0D, 0x00, (s16)0x0000, (s16)0x0010, 0x0000, D_80115114, 0x00000001 },
    { 0x00, { 0x00, 0x00, 0x00 }, 0x0D, 0x00, (s16)0x0000, (s16)0x0020, 0x0000, D_80115120, 0x00000001 },
    { 0x00, { 0x00, 0x00, 0x00 }, 0x0D, 0x00, (s16)0x0000, (s16)0x0030, 0x0000, D_8011512C, 0x00000001 },
    { 0x00, { 0x00, 0x00, 0x00 }, 0x0D, 0x00, (s16)0x0000, (s16)0x0040, 0x0000, D_80115138, 0x00000001 },
    { 0x00, { 0x00, 0x00, 0x00 }, 0x09, 0x00, (s16)0x0010, (s16)0x0050, 0x0000, D_80115144, 0x00000000 },
};

struct TileEffectRecord D_80117FD8[6] = {
    { 0x00, { 0x00, 0x00, 0x00 }, 0x09, 0x00, (s16)0x0010, (s16)0x0000, 0x0000, D_8011514C, 0x00000001 },
    { 0x00, { 0x00, 0x00, 0x00 }, 0x0D, 0x00, (s16)0x0000, (s16)0x0010, 0x0000, D_80115154, 0x00000001 },
    { 0x00, { 0x00, 0x00, 0x00 }, 0x0D, 0x00, (s16)0x0000, (s16)0x0020, 0x0000, D_80115160, 0x00000001 },
    { 0x00, { 0x00, 0x00, 0x00 }, 0x0D, 0x00, (s16)0x0000, (s16)0x0030, 0x0000, D_8011516C, 0x00000001 },
    { 0x00, { 0x00, 0x00, 0x00 }, 0x0D, 0x00, (s16)0x0000, (s16)0x0040, 0x0000, D_80115178, 0x00000001 },
    { 0x00, { 0x00, 0x00, 0x00 }, 0x09, 0x00, (s16)0x0010, (s16)0x0050, 0x0000, D_80115184, 0x00000000 },
};

struct TileEffectRecord D_80118050[6] = {
    { 0x00, { 0x00, 0x00, 0x00 }, 0x09, 0x00, (s16)0x0010, (s16)0x0000, 0x0000, D_8011518C, 0x00000001 },
    { 0x00, { 0x00, 0x00, 0x00 }, 0x0D, 0x00, (s16)0x0000, (s16)0x0010, 0x0000, D_80115194, 0x00000001 },
    { 0x00, { 0x00, 0x00, 0x00 }, 0x0D, 0x00, (s16)0x0000, (s16)0x0020, 0x0000, D_801151A0, 0x00000001 },
    { 0x00, { 0x00, 0x00, 0x00 }, 0x0D, 0x00, (s16)0x0000, (s16)0x0030, 0x0000, D_801151AC, 0x00000001 },
    { 0x00, { 0x00, 0x00, 0x00 }, 0x0D, 0x00, (s16)0x0000, (s16)0x0040, 0x0000, D_801151B8, 0x00000001 },
    { 0x00, { 0x00, 0x00, 0x00 }, 0x09, 0x00, (s16)0x0010, (s16)0x0050, 0x0000, D_801151C4, 0x00000000 },
};

struct TileEffectRecord D_801180C8[6] = {
    { 0x00, { 0x00, 0x00, 0x00 }, 0x09, 0x00, (s16)0x0010, (s16)0x0000, 0x0000, D_801151CC, 0x00000001 },
    { 0x00, { 0x00, 0x00, 0x00 }, 0x0D, 0x00, (s16)0x0000, (s16)0x0010, 0x0000, D_801151D4, 0x00000001 },
    { 0x00, { 0x00, 0x00, 0x00 }, 0x0D, 0x00, (s16)0x0000, (s16)0x0020, 0x0000, D_801151E0, 0x00000001 },
    { 0x00, { 0x00, 0x00, 0x00 }, 0x0D, 0x00, (s16)0x0000, (s16)0x0030, 0x0000, D_801151EC, 0x00000001 },
    { 0x00, { 0x00, 0x00, 0x00 }, 0x0D, 0x00, (s16)0x0000, (s16)0x0040, 0x0000, D_801151F8, 0x00000001 },
    { 0x00, { 0x00, 0x00, 0x00 }, 0x09, 0x00, (s16)0x0010, (s16)0x0050, 0x0000, D_80115204, 0x00000000 },
};

struct TileEffectRecord D_80118140[6] = {
    { 0x00, { 0x00, 0x00, 0x00 }, 0x09, 0x00, (s16)0x0010, (s16)0x0000, 0x0000, D_8011520C, 0x00000001 },
    { 0x00, { 0x00, 0x00, 0x00 }, 0x0D, 0x00, (s16)0x0000, (s16)0x0010, 0x0000, D_80115214, 0x00000001 },
    { 0x00, { 0x00, 0x00, 0x00 }, 0x0D, 0x00, (s16)0x0000, (s16)0x0020, 0x0000, D_80115220, 0x00000001 },
    { 0x00, { 0x00, 0x00, 0x00 }, 0x0D, 0x00, (s16)0x0000, (s16)0x0030, 0x0000, D_8011522C, 0x00000001 },
    { 0x00, { 0x00, 0x00, 0x00 }, 0x0D, 0x00, (s16)0x0000, (s16)0x0040, 0x0000, D_80115238, 0x00000001 },
    { 0x00, { 0x00, 0x00, 0x00 }, 0x09, 0x00, (s16)0x0010, (s16)0x0050, 0x0000, D_80115244, 0x00000000 },
};

struct TileEffectRecord D_801181B8[6] = {
    { 0x00, { 0x00, 0x00, 0x00 }, 0x09, 0x00, (s16)0x0010, (s16)0x0000, 0x0000, D_8011524C, 0x00000001 },
    { 0x00, { 0x00, 0x00, 0x00 }, 0x0D, 0x00, (s16)0x0000, (s16)0x0010, 0x0000, D_80115254, 0x00000001 },
    { 0x00, { 0x00, 0x00, 0x00 }, 0x0D, 0x00, (s16)0x0000, (s16)0x0020, 0x0000, D_80115260, 0x00000001 },
    { 0x00, { 0x00, 0x00, 0x00 }, 0x0D, 0x00, (s16)0x0000, (s16)0x0030, 0x0000, D_8011526C, 0x00000001 },
    { 0x00, { 0x00, 0x00, 0x00 }, 0x0D, 0x00, (s16)0x0000, (s16)0x0040, 0x0000, D_80115278, 0x00000001 },
    { 0x00, { 0x00, 0x00, 0x00 }, 0x09, 0x00, (s16)0x0010, (s16)0x0050, 0x0000, D_80115284, 0x00000000 },
};

struct TileEffectRecord D_80118230[6] = {
    { 0x00, { 0x00, 0x00, 0x00 }, 0x09, 0x00, (s16)0x0010, (s16)0x0000, 0x0000, D_8011528C, 0x00000001 },
    { 0x00, { 0x00, 0x00, 0x00 }, 0x0D, 0x00, (s16)0x0000, (s16)0x0010, 0x0000, D_80115294, 0x00000001 },
    { 0x00, { 0x00, 0x00, 0x00 }, 0x0D, 0x00, (s16)0x0000, (s16)0x0020, 0x0000, D_801152A0, 0x00000001 },
    { 0x00, { 0x00, 0x00, 0x00 }, 0x0D, 0x00, (s16)0x0000, (s16)0x0030, 0x0000, D_801152AC, 0x00000001 },
    { 0x00, { 0x00, 0x00, 0x00 }, 0x0D, 0x00, (s16)0x0000, (s16)0x0040, 0x0000, D_801152B8, 0x00000001 },
    { 0x00, { 0x00, 0x00, 0x00 }, 0x09, 0x00, (s16)0x0010, (s16)0x0050, 0x0000, D_801152C4, 0x00000000 },
};

struct TileEffectRecord D_801182A8[6] = {
    { 0x00, { 0x00, 0x00, 0x00 }, 0x09, 0x00, (s16)0x0010, (s16)0x0000, 0x0000, D_801152CC, 0x00000001 },
    { 0x00, { 0x00, 0x00, 0x00 }, 0x0D, 0x00, (s16)0x0000, (s16)0x0010, 0x0000, D_801152D4, 0x00000001 },
    { 0x00, { 0x00, 0x00, 0x00 }, 0x0D, 0x00, (s16)0x0000, (s16)0x0020, 0x0000, D_801152E0, 0x00000001 },
    { 0x00, { 0x00, 0x00, 0x00 }, 0x0D, 0x00, (s16)0x0000, (s16)0x0030, 0x0000, D_801152EC, 0x00000001 },
    { 0x00, { 0x00, 0x00, 0x00 }, 0x0D, 0x00, (s16)0x0000, (s16)0x0040, 0x0000, D_801152F8, 0x00000001 },
    { 0x00, { 0x00, 0x00, 0x00 }, 0x09, 0x00, (s16)0x0010, (s16)0x0050, 0x0000, D_80115304, 0x00000000 },
};

struct TileEffectRecord D_80118320[7] = {
    { 0x00, { 0x00, 0x00, 0x00 }, 0x0D, 0x00, (s16)0x0B00, (s16)0x0180, 0x0000, D_80114B58, 0x00000001 },
    { 0x00, { 0x00, 0x00, 0x00 }, 0x0D, 0x00, (s16)0x0B00, (s16)0x0190, 0x0000, D_80114B58, 0x00000001 },
    { 0x00, { 0x00, 0x00, 0x00 }, 0x0D, 0x00, (s16)0x0B00, (s16)0x01A0, 0x0000, D_80114B58, 0x00000001 },
    { 0x00, { 0x00, 0x00, 0x00 }, 0x0D, 0x00, (s16)0x0B00, (s16)0x01B0, 0x0000, D_80114B58, 0x00000001 },
    { 0x00, { 0x00, 0x00, 0x00 }, 0x0D, 0x00, (s16)0x0B00, (s16)0x0640, 0x0000, D_80114B58, 0x00000001 },
    { 0x00, { 0x00, 0x00, 0x00 }, 0x0D, 0x00, (s16)0x0B00, (s16)0x0650, 0x0000, D_80114B58, 0x00000001 },
    { 0x00, { 0x00, 0x00, 0x00 }, 0x0D, 0x00, (s16)0x0B00, (s16)0x0660, 0x0000, D_80114B58, 0x00000000 },
};

struct TileEffectRecord D_801183AC[6] = {
    { 0x00, { 0x00, 0x00, 0x00 }, 0x0D, 0x00, (s16)0x0E20, (s16)0x01B0, 0x0000, D_80114B58, 0x00000001 },
    { 0x00, { 0x00, 0x00, 0x00 }, 0x0D, 0x00, (s16)0x0E20, (s16)0x01C0, 0x0000, D_80114B58, 0x00000001 },
    { 0x00, { 0x00, 0x00, 0x00 }, 0x0D, 0x00, (s16)0x0E20, (s16)0x01D0, 0x0000, D_80114B58, 0x00000001 },
    { 0x00, { 0x00, 0x00, 0x00 }, 0x0D, 0x00, (s16)0x0E20, (s16)0x0610, 0x0000, D_80114B58, 0x00000001 },
    { 0x00, { 0x00, 0x00, 0x00 }, 0x0D, 0x00, (s16)0x0E20, (s16)0x0620, 0x0000, D_80114B58, 0x00000001 },
    { 0x00, { 0x00, 0x00, 0x00 }, 0x0D, 0x00, (s16)0x0E20, (s16)0x0630, 0x0000, D_80114B58, 0x00000000 },
};

struct TileEffectRecord D_80118424[6] = {
    { 0x00, { 0x00, 0x00, 0x00 }, 0x09, 0x00, (s16)0x0000, (s16)0x0000, 0x0000, D_8011530C, 0x00000001 },
    { 0x00, { 0x00, 0x00, 0x00 }, 0x09, 0x00, (s16)0x0000, (s16)0x0010, 0x0000, D_8011530C, 0x00000001 },
    { 0x00, { 0x00, 0x00, 0x00 }, 0x09, 0x00, (s16)0x0000, (s16)0x0020, 0x0000, D_8011530C, 0x00000001 },
    { 0x00, { 0x00, 0x00, 0x00 }, 0x09, 0x00, (s16)0x0000, (s16)0x0030, 0x0000, D_8011530C, 0x00000001 },
    { 0x00, { 0x00, 0x00, 0x00 }, 0x09, 0x00, (s16)0x0000, (s16)0x0040, 0x0000, D_80115314, 0x00000001 },
    { 0x00, { 0x00, 0x00, 0x00 }, 0x09, 0x00, (s16)0x0000, (s16)0x0050, 0x0000, D_8011531C, 0x00000000 },
};

struct TileEffectRecord D_8011849C[6] = {
    { 0x00, { 0x00, 0x00, 0x00 }, 0x09, 0x00, (s16)0x0000, (s16)0x0000, 0x0000, D_80115324, 0x00000001 },
    { 0x00, { 0x00, 0x00, 0x00 }, 0x09, 0x00, (s16)0x0000, (s16)0x0010, 0x0000, D_8011530C, 0x00000001 },
    { 0x00, { 0x00, 0x00, 0x00 }, 0x09, 0x00, (s16)0x0000, (s16)0x0020, 0x0000, D_8011530C, 0x00000001 },
    { 0x00, { 0x00, 0x00, 0x00 }, 0x09, 0x00, (s16)0x0000, (s16)0x0030, 0x0000, D_8011530C, 0x00000001 },
    { 0x00, { 0x00, 0x00, 0x00 }, 0x09, 0x00, (s16)0x0000, (s16)0x0040, 0x0000, D_8011532C, 0x00000001 },
    { 0x00, { 0x00, 0x00, 0x00 }, 0x09, 0x00, (s16)0x0000, (s16)0x0050, 0x0000, D_80115334, 0x00000000 },
};

struct TileEffectRecord D_80118514[5] = {
    { 0x00, { 0x00, 0x00, 0x00 }, 0x09, 0x00, (s16)0x0000, (s16)0x0000, 0x0000, D_8011530C, 0x00000001 },
    { 0x00, { 0x00, 0x00, 0x00 }, 0x09, 0x00, (s16)0x0000, (s16)0x0010, 0x0000, D_8011530C, 0x00000001 },
    { 0x00, { 0x00, 0x00, 0x00 }, 0x09, 0x00, (s16)0x0000, (s16)0x0020, 0x0000, D_8011530C, 0x00000001 },
    { 0x00, { 0x00, 0x00, 0x00 }, 0x09, 0x00, (s16)0x0000, (s16)0x0030, 0x0000, D_8011532C, 0x00000001 },
    { 0x00, { 0x00, 0x00, 0x00 }, 0x09, 0x00, (s16)0x0000, (s16)0x0040, 0x0000, D_80115334, 0x00000000 },
};

struct TileEffectRecord D_80118578[5] = {
    { 0x00, { 0x00, 0x00, 0x00 }, 0x09, 0x00, (s16)0x0000, (s16)0x0000, 0x0000, D_8011530C, 0x00000001 },
    { 0x00, { 0x00, 0x00, 0x00 }, 0x09, 0x00, (s16)0x0000, (s16)0x0010, 0x0000, D_8011530C, 0x00000001 },
    { 0x00, { 0x00, 0x00, 0x00 }, 0x09, 0x00, (s16)0x0000, (s16)0x0020, 0x0000, D_8011530C, 0x00000001 },
    { 0x00, { 0x00, 0x00, 0x00 }, 0x09, 0x00, (s16)0x0000, (s16)0x0030, 0x0000, D_80115314, 0x00000001 },
    { 0x00, { 0x00, 0x00, 0x00 }, 0x09, 0x00, (s16)0x0000, (s16)0x0040, 0x0000, D_8011531C, 0x00000000 },
};

struct TileEffectRecord D_801185DC[2] = {
    { 0x01, { 0x00, 0x00, 0x00 }, 0x09, 0x00, (s16)0x0000, (s16)0x0000, 0x0000, D_8011534C, 0x00000001 },
    { 0x01, { 0x00, 0x00, 0x00 }, 0x09, 0x00, (s16)0x0000, (s16)0x0010, 0x0000, D_8011533C, 0x00000000 },
};

struct TileEffectRecord D_80118604[2] = {
    { 0x01, { 0x00, 0x00, 0x00 }, 0x09, 0x00, (s16)0x0000, (s16)0x0000, 0x0000, D_8011534C, 0x00000001 },
    { 0x01, { 0x00, 0x00, 0x00 }, 0x09, 0x00, (s16)0x0000, (s16)0x0010, 0x0000, D_80115344, 0x00000000 },
};

struct TileEffectRecord D_8011862C[6] = {
    { 0x00, { 0x00, 0x00, 0x00 }, 0x09, 0x00, (s16)0x0000, (s16)0x0000, 0x0000, D_80115324, 0x00000001 },
    { 0x00, { 0x00, 0x00, 0x00 }, 0x09, 0x00, (s16)0x0000, (s16)0x0010, 0x0000, D_8011530C, 0x00000001 },
    { 0x00, { 0x00, 0x00, 0x00 }, 0x09, 0x00, (s16)0x0000, (s16)0x0020, 0x0000, D_8011530C, 0x00000001 },
    { 0x00, { 0x00, 0x00, 0x00 }, 0x09, 0x00, (s16)0x0000, (s16)0x0030, 0x0000, D_8011530C, 0x00000001 },
    { 0x00, { 0x00, 0x00, 0x00 }, 0x09, 0x00, (s16)0x0000, (s16)0x0040, 0x0000, D_80115354, 0x00000001 },
    { 0x00, { 0x00, 0x00, 0x00 }, 0x09, 0x00, (s16)0x0000, (s16)0x0050, 0x0000, D_80115334, 0x00000000 },
};

struct TileEffectRecord D_801186A4[6] = {
    { 0x00, { 0x00, 0x00, 0x00 }, 0x09, 0x00, (s16)0x0000, (s16)0x0000, 0x0000, D_8011530C, 0x00000001 },
    { 0x00, { 0x00, 0x00, 0x00 }, 0x09, 0x00, (s16)0x0000, (s16)0x0010, 0x0000, D_8011530C, 0x00000001 },
    { 0x00, { 0x00, 0x00, 0x00 }, 0x09, 0x00, (s16)0x0000, (s16)0x0020, 0x0000, D_8011530C, 0x00000001 },
    { 0x00, { 0x00, 0x00, 0x00 }, 0x09, 0x00, (s16)0x0000, (s16)0x0030, 0x0000, D_8011530C, 0x00000001 },
    { 0x00, { 0x00, 0x00, 0x00 }, 0x09, 0x00, (s16)0x0000, (s16)0x0040, 0x0000, D_8011535C, 0x00000001 },
    { 0x00, { 0x00, 0x00, 0x00 }, 0x09, 0x00, (s16)0x0000, (s16)0x0050, 0x0000, D_8011531C, 0x00000000 },
};

struct TileEffectRecord D_8011871C[11] = {
    { 0x00, { 0x00, 0x00, 0x00 }, 0x15, 0x00, (s16)0x0000, (s16)0x0000, 0x0000, D_80114B58, 0x00000001 },
    { 0x00, { 0x00, 0x00, 0x00 }, 0x15, 0x00, (s16)0x0000, (s16)0x0010, 0x0000, D_80114B58, 0x00000001 },
    { 0x00, { 0x00, 0x00, 0x00 }, 0x15, 0x00, (s16)0x0000, (s16)0x0020, 0x0000, D_80114B58, 0x00000001 },
    { 0x00, { 0x00, 0x00, 0x00 }, 0x15, 0x00, (s16)0x0000, (s16)0x0030, 0x0000, D_80114B58, 0x00000001 },
    { 0x00, { 0x00, 0x00, 0x00 }, 0x15, 0x00, (s16)0x0000, (s16)0x0040, 0x0000, D_80114B58, 0x00000001 },
    { 0x00, { 0x00, 0x00, 0x00 }, 0x15, 0x00, (s16)0x0000, (s16)0x0050, 0x0000, D_80114B58, 0x00000001 },
    { 0x00, { 0x00, 0x00, 0x00 }, 0x15, 0x00, (s16)0x0000, (s16)0x0060, 0x0000, D_80114B58, 0x00000001 },
    { 0x00, { 0x00, 0x00, 0x00 }, 0x15, 0x00, (s16)0x0000, (s16)0x0070, 0x0000, D_80114B58, 0x00000001 },
    { 0x00, { 0x00, 0x00, 0x00 }, 0x15, 0x00, (s16)0x0000, (s16)0x0080, 0x0000, D_80114B58, 0x00000001 },
    { 0x00, { 0x00, 0x00, 0x00 }, 0x15, 0x00, (s16)0x0000, (s16)0x0090, 0x0000, D_80114B58, 0x00000001 },
    { 0x00, { 0x00, 0x00, 0x00 }, 0x15, 0x00, (s16)0x0000, (s16)0x00A0, 0x0000, D_80114B58, 0x00000000 },
};

struct TileEffectRecord D_801187F8[2] = {
    { 0x00, { 0x00, 0x00, 0x00 }, 0x16, 0x00, (s16)0x0000, (s16)0x0000, 0x0000, D_801154A4, 0x00000001 },
    { 0x00, { 0x00, 0x00, 0x00 }, 0x16, 0x00, (s16)0x0010, (s16)0x0000, 0x0000, D_801154BC, 0x00000000 },
};

struct TileEffectRecord D_80118820[5] = {
    { 0x01, { 0x00, 0x00, 0x00 }, 0x11, 0x00, (s16)0x0000, (s16)0x0000, 0x0000, D_80115364, 0x00000001 },
    { 0x01, { 0x00, 0x00, 0x00 }, 0x11, 0x00, (s16)0x0000, (s16)0x0010, 0x0000, D_80115374, 0x00000001 },
    { 0x01, { 0x00, 0x00, 0x00 }, 0x11, 0x00, (s16)0x0000, (s16)0x0020, 0x0000, D_80115384, 0x00000001 },
    { 0x01, { 0x00, 0x00, 0x00 }, 0x11, 0x00, (s16)0x0000, (s16)0x0030, 0x0000, D_80115394, 0x00000001 },
    { 0x01, { 0x00, 0x00, 0x00 }, 0x11, 0x00, (s16)0x0000, (s16)0x0040, 0x0000, D_801153A4, 0x00000000 },
};

struct TileEffectRecord D_80118884[5] = {
    { 0x01, { 0x00, 0x00, 0x00 }, 0x11, 0x00, (s16)0x0000, (s16)0x0000, 0x0000, D_801153B4, 0x00000001 },
    { 0x01, { 0x00, 0x00, 0x00 }, 0x11, 0x00, (s16)0x0000, (s16)0x0010, 0x0000, D_801153C4, 0x00000001 },
    { 0x01, { 0x00, 0x00, 0x00 }, 0x11, 0x00, (s16)0x0000, (s16)0x0020, 0x0000, D_801153D4, 0x00000001 },
    { 0x01, { 0x00, 0x00, 0x00 }, 0x11, 0x00, (s16)0x0000, (s16)0x0030, 0x0000, D_801153E4, 0x00000001 },
    { 0x01, { 0x00, 0x00, 0x00 }, 0x11, 0x00, (s16)0x0000, (s16)0x0040, 0x0000, D_801153F4, 0x00000000 },
};

struct TileEffectRecord D_801188E8[5] = {
    { 0x01, { 0x00, 0x00, 0x00 }, 0x11, 0x00, (s16)0x0000, (s16)0x0000, 0x0000, D_80115404, 0x00000001 },
    { 0x01, { 0x00, 0x00, 0x00 }, 0x11, 0x00, (s16)0x0000, (s16)0x0010, 0x0000, D_80115414, 0x00000001 },
    { 0x01, { 0x00, 0x00, 0x00 }, 0x11, 0x00, (s16)0x0000, (s16)0x0020, 0x0000, D_80115424, 0x00000001 },
    { 0x01, { 0x00, 0x00, 0x00 }, 0x11, 0x00, (s16)0x0000, (s16)0x0030, 0x0000, D_80115434, 0x00000001 },
    { 0x01, { 0x00, 0x00, 0x00 }, 0x11, 0x00, (s16)0x0000, (s16)0x0040, 0x0000, D_80115444, 0x00000000 },
};

struct TileEffectRecord D_8011894C[5] = {
    { 0x01, { 0x00, 0x00, 0x00 }, 0x11, 0x00, (s16)0x0000, (s16)0x0000, 0x0000, D_80115454, 0x00000001 },
    { 0x01, { 0x00, 0x00, 0x00 }, 0x11, 0x00, (s16)0x0000, (s16)0x0010, 0x0000, D_80115464, 0x00000001 },
    { 0x01, { 0x00, 0x00, 0x00 }, 0x11, 0x00, (s16)0x0000, (s16)0x0020, 0x0000, D_80115474, 0x00000001 },
    { 0x01, { 0x00, 0x00, 0x00 }, 0x11, 0x00, (s16)0x0000, (s16)0x0030, 0x0000, D_80115484, 0x00000001 },
    { 0x01, { 0x00, 0x00, 0x00 }, 0x11, 0x00, (s16)0x0000, (s16)0x0040, 0x0000, D_80115494, 0x00000000 },
};

struct TileEffectRecord D_801189B0[3] = {
    { 0x01, { 0x00, 0x00, 0x00 }, 0x07, 0x00, (s16)0x0010, (s16)0x0000, 0x0000, D_801154D4, 0x00000001 },
    { 0x01, { 0x00, 0x00, 0x00 }, 0x0D, 0x00, (s16)0x0000, (s16)0x0010, 0x0000, D_801154DC, 0x00000001 },
    { 0x01, { 0x00, 0x00, 0x00 }, 0x09, 0x00, (s16)0x0020, (s16)0x0020, 0x0000, D_801154E8, 0x00000000 },
};

struct TileEffectRecord D_801189EC[3] = {
    { 0x01, { 0x00, 0x00, 0x00 }, 0x07, 0x00, (s16)0x0010, (s16)0x0000, 0x0000, D_801154F0, 0x00000001 },
    { 0x01, { 0x00, 0x00, 0x00 }, 0x0D, 0x00, (s16)0x0000, (s16)0x0010, 0x0000, D_801154F8, 0x00000001 },
    { 0x01, { 0x00, 0x00, 0x00 }, 0x09, 0x00, (s16)0x0020, (s16)0x0020, 0x0000, D_80115504, 0x00000000 },
};

struct TileEffectRecord D_80118A28[3] = {
    { 0x01, { 0x00, 0x00, 0x00 }, 0x07, 0x00, (s16)0x0010, (s16)0x0000, 0x0000, D_801154F0, 0x00000001 },
    { 0x01, { 0x00, 0x00, 0x00 }, 0x0D, 0x00, (s16)0x0000, (s16)0x0010, 0x0000, D_8011550C, 0x00000001 },
    { 0x01, { 0x00, 0x00, 0x00 }, 0x09, 0x00, (s16)0x0020, (s16)0x0020, 0x0000, D_80115518, 0x00000000 },
};

struct TileEffectRecord D_80118A64[3] = {
    { 0x01, { 0x00, 0x00, 0x00 }, 0x07, 0x00, (s16)0x0010, (s16)0x0000, 0x0000, D_801154F0, 0x00000001 },
    { 0x01, { 0x00, 0x00, 0x00 }, 0x0D, 0x00, (s16)0x0000, (s16)0x0010, 0x0000, D_80115520, 0x00000001 },
    { 0x01, { 0x00, 0x00, 0x00 }, 0x09, 0x00, (s16)0x0020, (s16)0x0020, 0x0000, D_801154E8, 0x00000000 },
};

struct TileEffectRecord D_80118AA0[3] = {
    { 0x01, { 0x00, 0x00, 0x00 }, 0x07, 0x00, (s16)0x0010, (s16)0x0000, 0x0000, D_801154F0, 0x00000001 },
    { 0x01, { 0x00, 0x00, 0x00 }, 0x0D, 0x00, (s16)0x0000, (s16)0x0010, 0x0000, D_8011552C, 0x00000001 },
    { 0x01, { 0x00, 0x00, 0x00 }, 0x09, 0x00, (s16)0x0020, (s16)0x0020, 0x0000, D_801154E8, 0x00000000 },
};

struct TileEffectRecord D_80118ADC[3] = {
    { 0x01, { 0x00, 0x00, 0x00 }, 0x07, 0x00, (s16)0x0010, (s16)0x0000, 0x0000, D_80115538, 0x00000001 },
    { 0x01, { 0x00, 0x00, 0x00 }, 0x0D, 0x00, (s16)0x0000, (s16)0x0010, 0x0000, D_80115540, 0x00000001 },
    { 0x01, { 0x00, 0x00, 0x00 }, 0x09, 0x00, (s16)0x0020, (s16)0x0020, 0x0000, D_801154E8, 0x00000000 },
};

struct TileEffectRecord D_80118B18[5] = {
    { 0x01, { 0x00, 0x00, 0x00 }, 0x09, 0x00, (s16)0x0020, (s16)0x0000, 0x0000, D_801154F0, 0x00000001 },
    { 0x01, { 0x00, 0x00, 0x00 }, 0x0B, 0x00, (s16)0x0020, (s16)0x0010, 0x0000, D_8011554C, 0x00000001 },
    { 0x01, { 0x00, 0x00, 0x00 }, 0x11, 0x00, (s16)0x0000, (s16)0x0020, 0x0000, D_80115558, 0x00000001 },
    { 0x01, { 0x00, 0x00, 0x00 }, 0x11, 0x00, (s16)0x0000, (s16)0x0030, 0x0000, D_80115568, 0x00000001 },
    { 0x01, { 0x00, 0x00, 0x00 }, 0x0B, 0x00, (s16)0x0040, (s16)0x0040, 0x0000, D_80115578, 0x00000000 },
};

struct TileEffectRecord D_80118B7C[5] = {
    { 0x01, { 0x00, 0x00, 0x00 }, 0x09, 0x00, (s16)0x0020, (s16)0x0000, 0x0000, D_801154F0, 0x00000001 },
    { 0x01, { 0x00, 0x00, 0x00 }, 0x0B, 0x00, (s16)0x0020, (s16)0x0010, 0x0000, D_8011554C, 0x00000001 },
    { 0x01, { 0x00, 0x00, 0x00 }, 0x11, 0x00, (s16)0x0000, (s16)0x0020, 0x0000, D_80115558, 0x00000001 },
    { 0x01, { 0x00, 0x00, 0x00 }, 0x11, 0x00, (s16)0x0000, (s16)0x0030, 0x0000, D_80115584, 0x00000001 },
    { 0x01, { 0x00, 0x00, 0x00 }, 0x0B, 0x00, (s16)0x0040, (s16)0x0040, 0x0000, D_80115594, 0x00000000 },
};

struct TileEffectRecord D_80118BE0[5] = {
    { 0x01, { 0x00, 0x00, 0x00 }, 0x09, 0x00, (s16)0x0020, (s16)0x0000, 0x0000, D_801154F0, 0x00000001 },
    { 0x01, { 0x00, 0x00, 0x00 }, 0x0B, 0x00, (s16)0x0020, (s16)0x0010, 0x0000, D_8011554C, 0x00000001 },
    { 0x01, { 0x00, 0x00, 0x00 }, 0x11, 0x00, (s16)0x0000, (s16)0x0020, 0x0000, D_801155A0, 0x00000001 },
    { 0x01, { 0x00, 0x00, 0x00 }, 0x11, 0x00, (s16)0x0000, (s16)0x0030, 0x0000, D_801155B0, 0x00000001 },
    { 0x01, { 0x00, 0x00, 0x00 }, 0x0B, 0x00, (s16)0x0040, (s16)0x0040, 0x0000, D_801155C0, 0x00000000 },
};

struct TileEffectRecord D_80118C44[5] = {
    { 0x01, { 0x00, 0x00, 0x00 }, 0x09, 0x00, (s16)0x0020, (s16)0x0000, 0x0000, D_801155CC, 0x00000001 },
    { 0x01, { 0x00, 0x00, 0x00 }, 0x0B, 0x00, (s16)0x0020, (s16)0x0010, 0x0000, D_801155D4, 0x00000001 },
    { 0x01, { 0x00, 0x00, 0x00 }, 0x11, 0x00, (s16)0x0000, (s16)0x0020, 0x0000, D_801155E0, 0x00000001 },
    { 0x01, { 0x00, 0x00, 0x00 }, 0x11, 0x00, (s16)0x0000, (s16)0x0030, 0x0000, D_801155F0, 0x00000001 },
    { 0x01, { 0x00, 0x00, 0x00 }, 0x0B, 0x00, (s16)0x0040, (s16)0x0040, 0x0000, D_80115600, 0x00000000 },
};

struct TileEffectRecord D_80118CA8[5] = {
    { 0x01, { 0x00, 0x00, 0x00 }, 0x09, 0x00, (s16)0x0020, (s16)0x0000, 0x0000, D_801154F0, 0x00000001 },
    { 0x01, { 0x00, 0x00, 0x00 }, 0x0B, 0x00, (s16)0x0020, (s16)0x0010, 0x0000, D_8011560C, 0x00000001 },
    { 0x01, { 0x00, 0x00, 0x00 }, 0x11, 0x00, (s16)0x0000, (s16)0x0020, 0x0000, D_80115618, 0x00000001 },
    { 0x01, { 0x00, 0x00, 0x00 }, 0x11, 0x00, (s16)0x0000, (s16)0x0030, 0x0000, D_80115628, 0x00000001 },
    { 0x01, { 0x00, 0x00, 0x00 }, 0x0B, 0x00, (s16)0x0040, (s16)0x0040, 0x0000, D_80115578, 0x00000000 },
};

struct TileEffectRecord D_80118D0C[5] = {
    { 0x01, { 0x00, 0x00, 0x00 }, 0x09, 0x00, (s16)0x0020, (s16)0x0000, 0x0000, D_801154F0, 0x00000001 },
    { 0x01, { 0x00, 0x00, 0x00 }, 0x0B, 0x00, (s16)0x0020, (s16)0x0010, 0x0000, D_8011554C, 0x00000001 },
    { 0x01, { 0x00, 0x00, 0x00 }, 0x11, 0x00, (s16)0x0000, (s16)0x0020, 0x0000, D_80115638, 0x00000001 },
    { 0x01, { 0x00, 0x00, 0x00 }, 0x11, 0x00, (s16)0x0000, (s16)0x0030, 0x0000, D_80115648, 0x00000001 },
    { 0x01, { 0x00, 0x00, 0x00 }, 0x0B, 0x00, (s16)0x0040, (s16)0x0040, 0x0000, D_80115578, 0x00000000 },
};

struct TileEffectRecord D_80118D70[3] = {
    { 0x01, { 0x00, 0x00, 0x00 }, 0x11, 0x00, (s16)0x0000, (s16)0x0000, 0x0000, D_8011567C, 0x00000001 },
    { 0x01, { 0x00, 0x00, 0x00 }, 0x11, 0x00, (s16)0x0000, (s16)0x0010, 0x0000, D_8011568C, 0x00000001 },
    { 0x01, { 0x00, 0x00, 0x00 }, 0x11, 0x00, (s16)0x0000, (s16)0x0020, 0x0000, D_8011569C, 0x00000000 },
};

struct TileEffectRecord D_80118DAC[3] = {
    { 0x01, { 0x00, 0x00, 0x00 }, 0x11, 0x00, (s16)0x0000, (s16)0x0000, 0x0000, D_801156AC, 0x00000001 },
    { 0x01, { 0x00, 0x00, 0x00 }, 0x11, 0x00, (s16)0x0000, (s16)0x0010, 0x0000, D_801156BC, 0x00000001 },
    { 0x01, { 0x00, 0x00, 0x00 }, 0x11, 0x00, (s16)0x0000, (s16)0x0020, 0x0000, D_8011569C, 0x00000000 },
};

struct TileEffectRecord D_80118DE8[3] = {
    { 0x01, { 0x00, 0x00, 0x00 }, 0x11, 0x00, (s16)0x0000, (s16)0x0000, 0x0000, D_801156CC, 0x00000001 },
    { 0x01, { 0x00, 0x00, 0x00 }, 0x11, 0x00, (s16)0x0000, (s16)0x0010, 0x0000, D_801156DC, 0x00000001 },
    { 0x01, { 0x00, 0x00, 0x00 }, 0x11, 0x00, (s16)0x0000, (s16)0x0020, 0x0000, D_8011569C, 0x00000000 },
};

struct TileEffectRecord D_80118E24[3] = {
    { 0x01, { 0x00, 0x00, 0x00 }, 0x11, 0x00, (s16)0x0000, (s16)0x0000, 0x0000, D_801156EC, 0x00000001 },
    { 0x01, { 0x00, 0x00, 0x00 }, 0x11, 0x00, (s16)0x0000, (s16)0x0010, 0x0000, D_801156FC, 0x00000001 },
    { 0x01, { 0x00, 0x00, 0x00 }, 0x11, 0x00, (s16)0x0000, (s16)0x0020, 0x0000, D_8011569C, 0x00000000 },
};

struct TileEffectRecord D_80118E60[2] = {
    { 0x01, { 0x00, 0x00, 0x00 }, 0x04, 0x00, (s16)0x0000, (s16)0x0000, 0x0000, D_80115658, 0x00000001 },
    { 0x01, { 0x00, 0x00, 0x00 }, 0x04, 0x00, (s16)0x0010, (s16)0x0000, 0x0000, D_8011565C, 0x00000000 },
};

struct TileEffectRecord D_80118E88[2] = {
    { 0x01, { 0x00, 0x00, 0x00 }, 0x04, 0x00, (s16)0x0000, (s16)0x0000, 0x0000, D_80115660, 0x00000001 },
    { 0x01, { 0x00, 0x00, 0x00 }, 0x04, 0x00, (s16)0x0010, (s16)0x0000, 0x0000, D_8011565C, 0x00000000 },
};

struct TileEffectRecord D_80118EB0[2] = {
    { 0x01, { 0x00, 0x00, 0x00 }, 0x04, 0x00, (s16)0x0000, (s16)0x0000, 0x0000, D_80115660, 0x00000001 },
    { 0x01, { 0x00, 0x00, 0x00 }, 0x04, 0x00, (s16)0x0010, (s16)0x0000, 0x0000, D_80115664, 0x00000000 },
};

struct TileEffectRecord D_80118ED8[2] = {
    { 0x01, { 0x00, 0x00, 0x00 }, 0x04, 0x00, (s16)0x0000, (s16)0x0000, 0x0000, D_80115660, 0x00000001 },
    { 0x01, { 0x00, 0x00, 0x00 }, 0x04, 0x00, (s16)0x0010, (s16)0x0000, 0x0000, D_80115668, 0x00000000 },
};

struct TileEffectRecord D_80118F00[2] = {
    { 0x01, { 0x00, 0x00, 0x00 }, 0x04, 0x00, (s16)0x0000, (s16)0x0000, 0x0000, D_8011566C, 0x00000001 },
    { 0x01, { 0x00, 0x00, 0x00 }, 0x04, 0x00, (s16)0x0010, (s16)0x0000, 0x0000, D_80115670, 0x00000000 },
};

struct TileEffectRecord D_80118F28[2] = {
    { 0x01, { 0x00, 0x00, 0x00 }, 0x04, 0x00, (s16)0x0000, (s16)0x0000, 0x0000, D_80115674, 0x00000001 },
    { 0x01, { 0x00, 0x00, 0x00 }, 0x04, 0x00, (s16)0x0010, (s16)0x0000, 0x0000, D_80115678, 0x00000000 },
};

struct TileEffectRecord D_80118F50[4] = {
    { 0x00, { 0x00, 0x00, 0x00 }, 0x11, 0x00, (s16)0x0000, (s16)0x0000, 0x0000, D_8011570C, 0x00000001 },
    { 0x00, { 0x00, 0x00, 0x00 }, 0x11, 0x00, (s16)0x0000, (s16)0x0010, 0x0000, D_8011571C, 0x00000001 },
    { 0x00, { 0x00, 0x00, 0x00 }, 0x11, 0x00, (s16)0x0000, (s16)0x0020, 0x0000, D_8011572C, 0x00000001 },
    { 0x00, { 0x00, 0x00, 0x00 }, 0x11, 0x00, (s16)0x0000, (s16)0x0030, 0x0000, D_8011573C, 0x00000000 },
};

struct TileEffectRecord D_80118FA0[2] = {
    { 0x00, { 0x00, 0x00, 0x00 }, 0x0D, 0x00, (s16)0x0440, (s16)0x0200, 0x0000, D_8011574C, 0x00000001 },
    { 0x00, { 0x00, 0x00, 0x00 }, 0x0D, 0x00, (s16)0x0440, (s16)0x0210, 0x0000, D_80115758, 0x00000000 },
};

struct TileEffectRecord D_80118FC8[2] = {
    { 0x00, { 0x00, 0x00, 0x00 }, 0x08, 0x00, (s16)0x05B0, (s16)0x02A0, 0x0000, D_80115764, 0x00000001 },
    { 0x00, { 0x00, 0x00, 0x00 }, 0x08, 0x00, (s16)0x05C0, (s16)0x02A0, 0x0000, D_8011576C, 0x00000000 },
};

struct TileEffectRecord* D_80118FF0[4] = {
    D_8011600C, D_80116070, D_80116124, D_801161D8,
};

struct TileEffectRecord* D_80119000[34] = {
    D_80115774, D_80115828, D_80115864, D_801158A0, D_80115904, D_801159A4,
    D_80115A6C, D_80115B20, D_80115BE8, D_80115C9C, D_80115D78, D_80115DDC,
    D_80115DF0, D_80115E04, D_80115E18, D_80115E2C, D_80115E40, D_80115E54,
    D_80115E68, D_80115E7C, D_80115E90, D_80115EA4, D_80115EB8, D_80115ECC,
    D_80115EE0, D_80115EF4, D_80115F08, D_80115F1C, D_80115F30, D_80115F44,
    D_80115F58, D_80115F6C, D_80115F80, D_80115F94,
};

struct TileEffectRecord* D_80119088[2] = {
    D_80116BD8, D_80116C28,
};

struct TileEffectRecord* D_80119090[14] = {
    D_80116C78, D_80116E80, D_80116EA8, D_80116ED0, D_80116EF8, D_80116F20,
    D_80116F48, D_80116D2C, D_80116F70, D_80116FE8, D_80117060, D_80117740,
    D_80116D90, D_80116DCC,
};

struct TileEffectRecord* D_801190C8[14] = {
    D_80116C78, D_80116E80, D_80116EA8, D_80116ED0, D_80116EF8, D_80116F20,
    D_80116F48, D_80116D2C, D_80116F70, D_80116FE8, D_80117060, D_80117740,
    D_801170D8, D_80117100,
};

struct TileEffectRecord* D_80119100[39] = {
    D_8011628C, D_801162A0, D_801162B4, D_801162C8, D_801162DC, D_801162F0,
    D_80116340, D_80116354, D_80116368, D_8011637C, D_80116390, D_801163A4,
    D_801163B8, D_8011641C, D_80116430, D_8011646C, D_80116480, D_80116494,
    D_801164A8, D_801164BC, D_801164E4, D_8011650C, D_80116520, D_80116B9C,
    D_80116534, D_80116584, D_801165D4, D_80116624, D_80116638, D_8011664C,
    D_80116660, D_801166B0, D_801163CC, D_801163E0, D_801163F4, D_80116408,
    D_80116444, D_80116458, D_80116700,
};

struct TileEffectRecord* D_8011919C[33] = {
    D_8011678C, D_801167A0, D_801167B4, D_801167C8, D_801167F0, D_80116804,
    D_80116818, D_8011682C, D_80116840, D_80116868, D_8011687C, D_80116890,
    D_801168B8, D_801168E0, D_80116908, D_8011691C, D_80116944, D_8011696C,
    D_80116994, D_801169BC, D_801169E4, D_80116A0C, D_80116A20, D_80116A48,
    D_80116A70, D_80116A98, D_80116AC0, D_80116AE8, D_80116B10, D_80116B38,
    D_80116B60, D_80116B74, D_80116B88,
};

struct TileEffectRecord* D_80119220[8] = {
    D_80117128, D_80117164, D_80117128, D_80117128, D_80117128, D_801171A0,
    D_801171DC, D_80117C04,
};

struct TileEffectRecord* D_80119240[17] = {
    D_80117218, D_801172B8, D_80117358, D_801173F8, D_80117498, D_80117538,
    D_8011777C, D_801177A4, D_8011781C, D_8011790C, D_80117984, D_801179C0,
    D_801179E8, D_80117A60, D_80117B50, D_80117BC8, D_80117C2C,
};

struct TileEffectRecord* D_80119284[12] = {
    D_801189B0, D_801189EC, D_80118A28, D_80118A64, D_80118AA0, D_80118ADC,
    D_80118B18, D_80118B7C, D_80118BE0, D_80118C44, D_80118CA8, D_80118D0C,
};

struct TileEffectRecord* D_801192B4[8] = {
    D_801175D8, D_8011763C, D_801176A0, D_80118820, D_80118884, D_801188E8,
    D_8011894C, D_80117704,
};

struct TileEffectRecord* D_801192D4[11] = {
    D_80117C54, D_80117C90, D_80117CCC, D_80117D08, D_80117D58, D_80117DA8,
    D_80117DF8, D_80117E20, D_80117E48, D_80117E70, D_80117E98,
};

struct TileEffectRecord* D_80119300[8] = {
    D_80118424, D_8011849C, D_80118514, D_80118578, D_801185DC, D_80118604,
    D_8011862C, D_801186A4,
};

struct TileEffectRecord* D_80119320[9] = {
    D_80117EE8, D_80117F60, D_80117FD8, D_80118050, D_801180C8, D_80118140,
    D_801181B8, D_80118230, D_801182A8,
};

struct TileEffectRecord* D_80119344[2] = {
    D_80118320, D_801183AC,
};

struct TileEffectRecord* D_8011934C[1] = {
    D_8011871C,
};

struct TileEffectRecord* D_80119350[1] = {
    D_801187F8,
};

struct TileEffectRecord* D_80119354[4] = {
    D_80118D70, D_80118DAC, D_80118DE8, D_80118E24,
};

struct TileEffectRecord* D_80119364[9] = {
    D_80118E60, D_80118E88, D_80118EB0, D_80118ED8, D_80118F00, D_80118F28,
    D_80118F50, D_80118FA0, D_80118FC8,
};

struct TileEffectRecord** D_80119388[26] = {
    D_80118FF0, D_80119000, D_80118FF0, D_80119088, D_80119100, D_8011919C,
    D_80119220, D_80119240, D_80119284, D_801192B4, D_801192D4, D_80119300,
    D_80119320, D_80119344, D_8011934C, D_80119350, D_80119090, D_801190C8,
    NULL, NULL, NULL, NULL, NULL, NULL,
    D_80119354, D_80119364,
};
